company,status,start,stop,aim,scale,intensity,extent,domination,maintenance,num_bugs,tstart,tstop,endpt
hastexo,0,5,18,1,1,0.000881057,0.040816327,0.338509317,10215,2634,5,6,0
hastexo,0,5,18,1,1,0.00023882,0.014184397,0.304147465,16749,3615,6,7,0
hastexo,0,5,18,1,1,0.000128041,0.014354067,0.752808989,23430,6070,7,8,0
hastexo,0,5,18,1,1,0.000602214,0.01953125,0.430232558,21587,10086,8,9,0
hastexo,0,5,18,1,1,4.12E-05,0.002881844,0.277777778,24243,13896,9,10,0
hastexo,0,5,18,1,1,3.27E-05,0.002267574,0.705128205,30611,17092,10,11,0
hastexo,0,5,18,1,1,3.20E-05,0.001751313,0.164130435,31242,17904,11,12,0
hastexo,0,5,18,1,1,4.14E-05,0.00128041,0.257095159,24147,8059,15,16,0
hastexo,0,5,18,1,1,6.16E-05,0.001381215,0.364705882,16225,4879,16,17,0
hastexo,0,5,18,1,1,0.000118308,0.001369863,0.5,16905,5356,17,18,0
99cloud,0,6,18,1,2,0.000895576,0.063829787,0.196202532,16749,3615,6,7,0
99cloud,0,6,18,1,2,0.001963295,0.04784689,0.288184438,23430,6070,7,8,0
99cloud,0,6,18,1,2,0.002594154,0.1015625,0.341176471,21587,10086,8,9,0
99cloud,0,6,18,1,2,0.0021037,0.083573487,0.477124183,24243,13896,9,10,0
99cloud,0,6,18,1,2,0.001437392,0.020408163,0.151226158,30611,17092,10,11,0
99cloud,0,6,18,1,2,0.007713975,0.07530648,0.164130435,31242,17904,11,12,0
99cloud,0,6,18,1,2,0.010668868,0.146978022,0.230031949,32712,20148,12,13,0
99cloud,0,6,18,1,2,0.016904539,0.073439412,0.255969436,34192,20047,13,14,0
99cloud,0,6,18,1,2,0.025333145,0.131513648,0.260928962,21237,7893,14,15,0
99cloud,0,6,18,1,2,0.023274113,0.125480154,0.257095159,24147,8059,15,16,0
99cloud,0,6,18,1,2,0.018181818,0.165745856,0.395348837,16225,4879,16,17,0
99cloud,0,6,18,1,2,0.062052647,0.473972603,0.296296296,16905,5356,17,18,0
aptira,0,6,18,1,2,5.97E-05,0.007092199,0.197718631,16749,3615,6,7,0
aptira,0,6,18,1,2,0.000213402,0.009569378,0.238317757,23430,6070,7,8,0
aptira,0,6,18,1,2,0.001204429,0.0390625,0.237569061,21587,10086,8,9,0
aptira,0,6,18,1,2,0.002474941,0.031700288,0.455830389,24243,13896,9,10,0
aptira,0,6,18,1,2,0.00016334,0.009070295,0.4,30611,17092,10,11,0
aptira,0,6,18,1,2,0.003264836,0.007005254,0.824742268,31242,17904,11,12,0
aptira,0,6,18,1,2,0.000550257,0.021978022,0.35443038,32712,20148,12,13,0
aptira,0,6,18,1,2,0.000555686,0.014687882,0.3625,34192,20047,13,14,0
aptira,0,6,18,1,2,0.000141263,0.003722084,0.884353741,21237,7893,14,15,0
aptira,0,6,18,1,2,0.000165652,0.002560819,0.282208589,24147,8059,15,16,0
aptira,0,6,18,1,2,0.000118308,0.002739726,0.296296296,16905,5356,17,18,0
cloudbase solutions,0,5,18,2,2,0.000978953,0.06122449,0.257370518,10215,2634,5,6,0
cloudbase solutions,0,5,18,2,2,0.004298764,0.113475177,0.197718631,16749,3615,6,7,0
cloudbase solutions,0,5,18,2,2,0.002048656,0.052631579,0.8125,23430,6070,7,8,0
cloudbase solutions,0,5,18,2,2,0.005049335,0.046875,1,21587,10086,8,9,0
cloudbase solutions,0,5,18,2,2,0.004289898,0.028818444,0.953125,24243,13896,9,10,0
cloudbase solutions,0,5,18,2,2,0.005357551,0.031746032,0.893939394,30611,17092,10,11,0
cloudbase solutions,0,5,18,2,2,0.007553934,0.038528897,0.983050847,31242,17904,11,12,0
cloudbase solutions,0,5,18,2,2,0.006297383,0.03021978,0.987804878,32712,20148,12,13,0
cloudbase solutions,0,5,18,2,2,0.004299251,0.036719706,1,34192,20047,13,14,0
cloudbase solutions,0,5,18,2,2,0.004802938,0.013647643,0.944444444,21237,7893,14,15,0
cloudbase solutions,0,5,18,2,2,0.006004887,0.020486556,0.970588235,24147,8059,15,16,0
cloudbase solutions,0,5,18,2,2,0.006964561,0.017955801,0.914285714,16225,4879,16,17,0
cloudbase solutions,0,5,18,2,2,0.001774623,0.017808219,1,16905,5356,17,18,0
cloudvps,0,6,16,1,2,5.97E-05,0.007092199,0.421052632,16749,3615,6,7,0
cloudvps,0,6,16,1,2,8.54E-05,0.009569378,0.238317757,23430,6070,7,8,0
cloudvps,0,6,16,1,2,0.000138973,0.01171875,0.164203612,21587,10086,8,9,0
cloudvps,0,6,16,1,2,0.000164996,0.008645533,0.271812081,24243,13896,9,10,0
cloudvps,0,6,16,1,2,6.53E-05,0.004535147,0.316939891,30611,17092,10,11,0
cloudvps,0,6,16,1,2,3.20E-05,0.001751313,0.286343612,31242,17904,11,12,0
cloudvps,0,6,16,1,2,2.92E-05,0.00122399,0.623441397,34192,20047,13,14,0
cloudvps,0,6,16,1,2,4.14E-05,0.00128041,0.540540541,24147,8059,15,16,0
memset,0,3,18,1,2,0.00025582,0.05,0.5,7818,1268,3,4,0
memset,0,3,18,1,2,0.000136911,0.015151515,0.440944882,7304,3394,4,5,0
memset,0,3,18,1,2,5.97E-05,0.007092199,0.192307692,16749,3615,6,7,0
memset,0,3,18,1,2,4.63E-05,0.00390625,0.358974359,21587,10086,8,9,0
memset,0,3,18,1,2,6.11E-05,0.002747253,0.577464789,32712,20148,12,13,0
memset,0,3,18,1,2,4.71E-05,0.001240695,0.502202643,21237,7893,14,15,0
metacloud,0,5,17,1,2,0.000783162,0.040816327,0.257370518,10215,2634,5,6,0
metacloud,0,5,17,1,2,0.002985253,0.042553191,0.197718631,16749,3615,6,7,0
metacloud,0,5,17,1,2,0.002774221,0.066985646,0.190883191,23430,6070,7,8,0
metacloud,0,5,17,1,2,0.003474313,0.07421875,0.341176471,21587,10086,8,9,0
metacloud,0,5,17,1,2,0.000907478,0.040345821,0.168081494,24243,13896,9,10,0
metacloud,0,5,17,1,2,0.00065336,0.01814059,0.1900978,30611,17092,10,11,0
metacloud,0,5,17,1,2,0.002048524,0.012259194,0.479674797,31242,17904,11,12,0
metacloud,0,5,17,1,2,0.000244559,0.005494505,0.173321234,32712,20148,12,13,0
metacloud,0,5,17,1,2,0.000233973,0.006119951,0.140760507,34192,20047,13,14,0
metacloud,0,5,17,1,2,0.000329613,0.003722084,0.585365854,21237,7893,14,15,0
metacloud,0,5,17,1,2,4.14E-05,0.00128041,0.914893617,24147,8059,15,16,0
metacloud,0,5,17,1,2,0.000123267,0.002762431,0.694690265,16225,4879,16,17,0
midokura,0,2,18,2,2,0.001397136,0.12,0.460618847,2863,536,2,3,0
midokura,0,2,18,2,2,0.008314147,0.075,0.666285278,7818,1268,3,4,0
midokura,0,2,18,2,2,0.000410734,0.015151515,0.490291262,7304,3394,4,5,0
midokura,0,2,18,2,2,0.000293686,0.030612245,0.239285714,10215,2634,5,6,0
midokura,0,2,18,2,2,0.00035823,0.014184397,0.21031746,16749,3615,6,7,0
midokura,0,2,18,2,2,0.000554844,0.023923445,0.147919877,23430,6070,7,8,0
midokura,0,2,18,2,2,0.000602214,0.01171875,0.164203612,21587,10086,8,9,0
midokura,0,2,18,2,2,0.001443716,0.014409222,0.574074074,24243,13896,9,10,0
midokura,0,2,18,2,2,0.003658815,0.013605442,1,30611,17092,10,11,0
midokura,0,2,18,2,2,0.00601754,0.026269702,0.978947368,31242,17904,11,12,0
midokura,0,2,18,2,2,0.004830032,0.026098901,0.71559633,32712,20148,12,13,0
midokura,0,2,18,2,2,0.006317267,0.025703794,0.865384615,34192,20047,13,14,0
midokura,0,2,18,2,2,0.008522861,0.017369727,1,21237,7893,14,15,0
midokura,0,2,18,2,2,0.009276515,0.028169014,0.876923077,24147,8059,15,16,0
midokura,0,2,18,2,2,0.003328197,0.011049724,0.820512821,16225,4879,16,17,0
midokura,0,2,18,2,2,0.000828157,0.008219178,0.272727273,16905,5356,17,18,0
nectar,0,5,18,5,2,0.007146353,0.06122449,0.338509317,10215,2634,5,6,0
nectar,0,5,18,5,2,0.006269031,0.056737589,0.304147465,16749,3615,6,7,0
nectar,0,5,18,5,2,0.000213402,0.004784689,0.238317757,23430,6070,7,8,0
nectar,0,5,18,5,2,8.28E-05,0.002560819,0.464285714,24147,8059,15,16,0
nectar,0,5,18,5,2,0.000246533,0.004143646,0.408906883,16225,4879,16,17,0
nectar,0,5,18,5,2,0.000236616,0.004109589,0.238095238,16905,5356,17,18,0
objectif libre,0,5,18,4,2,9.79E-05,0.010204082,0.133333333,10215,2634,5,6,0
objectif libre,0,5,18,4,2,0.000768246,0.004784689,0.238317757,23430,6070,7,8,0
objectif libre,0,5,18,4,2,0.004725066,0.0546875,0.237569061,21587,10086,8,9,0
objectif libre,0,5,18,4,2,0.006146104,0.034582133,0.25,24243,13896,9,10,0
objectif libre,0,5,18,4,2,0.003985495,0.027210884,0.149812734,30611,17092,10,11,0
objectif libre,0,5,18,4,2,0.003200819,0.010507881,0.854166667,31242,17904,11,12,0
objectif libre,0,5,18,4,2,0.004340915,0.019230769,0.230031949,32712,20148,12,13,0
objectif libre,0,5,18,4,2,0.002193496,0.019583843,0.549019608,34192,20047,13,14,0
objectif libre,0,5,18,4,2,0.002542732,0.012406948,0.619047619,21237,7893,14,15,0
objectif libre,0,5,18,4,2,0.001904999,0.021766965,0.363636364,24147,8059,15,16,0
objectif libre,0,5,18,4,2,0.002711864,0.033149171,0.484848485,16225,4879,16,17,0
objectif libre,0,5,18,4,2,0.0036084,0.047945205,0.47826087,16905,5356,17,18,0
osones,0,8,18,4,2,0.000185297,0.01171875,0.237569061,21587,10086,8,9,0
osones,0,8,18,4,2,0.000123747,0.005763689,0.25,24243,13896,9,10,0
osones,0,8,18,4,2,9.80E-05,0.006802721,0.3984375,30611,17092,10,11,0
osones,0,8,18,4,2,5.85E-05,0.00244798,0.596774194,34192,20047,13,14,0
osones,0,8,18,4,2,0.001035928,0.008684864,0.191358025,21237,7893,14,15,0
osones,0,8,18,4,2,0.001076738,0.012804097,0.222222222,24147,8059,15,16,0
osones,0,8,18,4,2,0.000739599,0.011049724,0.65,16225,4879,16,17,0
osones,0,8,18,4,2,0.00029577,0.004109589,0.582978723,16905,5356,17,18,0
swiftstack,0,4,18,2,2,0.000547645,0.015151515,0.440944882,7304,3394,4,5,0
swiftstack,0,4,18,2,2,0.004307391,0.040816327,0.311688312,10215,2634,5,6,0
swiftstack,0,4,18,2,2,0.004477879,0.035460993,0.303167421,16749,3615,6,7,0
swiftstack,0,4,18,2,2,0.003585147,0.028708134,0.226415094,23430,6070,7,8,0
swiftstack,0,4,18,2,2,0.005141984,0.01171875,0.358974359,21587,10086,8,9,0
swiftstack,0,4,18,2,2,0.002846182,0.017291066,0.292682927,24243,13896,9,10,0
swiftstack,0,4,18,2,2,0.00261344,0.011337868,0.316939891,30611,17092,10,11,0
swiftstack,0,4,18,2,2,0.00336086,0.014010508,0.286343612,31242,17904,11,12,0
swiftstack,0,4,18,2,2,0.003056982,0.010989011,0.257261411,32712,20148,12,13,0
swiftstack,0,4,18,2,2,0.003334113,0.009791922,0.26199262,34192,20047,13,14,0
swiftstack,0,4,18,2,2,0.002966521,0.006203474,0.318518519,21237,7893,14,15,0
swiftstack,0,4,18,2,2,0.005756409,0.007682458,0.520618557,24147,8059,15,16,0
swiftstack,0,4,18,2,2,0.008382126,0.009668508,0.631578947,16225,4879,16,17,0
swiftstack,0,4,18,2,2,0.010233659,0.006849315,0.794117647,16905,5356,17,18,0
switch,0,6,18,5,2,0.000776166,0.035460993,0.21031746,16749,3615,6,7,0
switch,0,6,18,5,2,0.003286385,0.057416268,0.147919877,23430,6070,7,8,0
switch,0,6,18,5,2,0.006531709,0.0546875,0.164203612,21587,10086,8,9,0
switch,0,6,18,5,2,0.007878563,0.060518732,0.147952444,24243,13896,9,10,0
switch,0,6,18,5,2,0.003364804,0.024943311,0.304347826,30611,17092,10,11,0
switch,0,6,18,5,2,0.001440369,0.017513135,0.583333333,31242,17904,11,12,0
switch,0,6,18,5,2,0.002629005,0.013736264,0.848484848,32712,20148,12,13,0
switch,0,6,18,5,2,0.000994385,0.014687882,0.625,34192,20047,13,14,0
switch,0,6,18,5,2,0.000470876,0.003722084,0.6,21237,7893,14,15,0
switch,0,6,18,5,2,0.000952499,0.011523688,0.382352941,24147,8059,15,16,0
switch,0,6,18,5,2,0.000308166,0.005524862,0.8,16225,4879,16,17,0
switch,0,6,18,5,2,0.000236616,0.001369863,0.785714286,16905,5356,17,18,0
tcp cloud,0,6,15,1,2,5.97E-05,0.007092199,0.458100559,16749,3615,6,7,0
tcp cloud,0,6,15,1,2,3.20E-05,0.001751313,1,31242,17904,11,12,0
tcp cloud,0,6,15,1,2,0.004554903,0.016483516,0.674418605,32712,20148,12,13,0
tcp cloud,0,6,15,1,2,0.004562471,0.015911873,0.944444444,34192,20047,13,14,0
tcp cloud,0,6,15,1,2,0.00277817,0.014888337,0.48,21237,7893,14,15,0
canonical,0,0,18,1,3,0.019063545,0.083333333,0.982758621,2990,175,0,1,0
canonical,0,0,18,1,3,0.028094463,0.0625,0.985714286,2456,289,1,2,0
canonical,0,0,18,1,3,0.038071952,0.16,0.460618847,2863,536,2,3,0
canonical,0,0,18,1,3,0.0257099,0.375,0.736111111,7818,1268,3,4,0
canonical,0,0,18,1,3,0.046139102,0.348484848,0.95890411,7304,3394,4,5,0
canonical,0,0,18,1,3,0.032892805,0.367346939,0.708494208,10215,2634,5,6,0
canonical,0,0,18,1,3,0.059287122,0.333333333,0.397379913,16749,3615,6,7,0
canonical,0,0,18,1,3,0.038454972,0.263157895,1,23430,6070,7,8,0
canonical,0,0,18,1,3,0.047621254,0.13671875,1,21587,10086,8,9,0
canonical,0,0,18,1,3,0.042280246,0.109510086,0.915151515,24243,13896,9,10,0
canonical,0,0,18,1,3,0.059880435,0.079365079,0.966101695,30611,17092,10,11,0
canonical,0,0,18,1,3,0.049004545,0.061295972,0.75,31242,17904,11,12,0
canonical,0,0,18,1,3,0.027787968,0.072802198,0.886486486,32712,20148,12,13,0
canonical,0,0,18,1,3,0.025912494,0.079559364,0.654135338,34192,20047,13,14,0
canonical,0,0,18,1,3,0.017469511,0.086848635,1,21237,7893,14,15,0
canonical,0,0,18,1,3,0.026173024,0.090909091,1,24147,8059,15,16,0
canonical,0,0,18,1,3,0.036548536,0.098066298,0.9375,16225,4879,16,17,0
canonical,0,0,18,1,3,0.035255841,0.167123288,0.971428571,16905,5356,17,18,0
dreamhost,0,4,17,2,3,0.010268346,0.181818182,0.897512438,7304,3394,4,5,0
dreamhost,0,4,17,2,3,0.032011747,0.234693878,0.958762887,10215,2634,5,6,0
dreamhost,0,4,17,2,3,0.023523792,0.283687943,1,16749,3615,6,7,0
dreamhost,0,4,17,2,3,0.014895433,0.172248804,1,23430,6070,7,8,0
dreamhost,0,4,17,2,3,0.012183258,0.1875,1,21587,10086,8,9,0
dreamhost,0,4,17,2,3,0.011714722,0.080691643,0.990740741,24243,13896,9,10,0
dreamhost,0,4,17,2,3,0.001666068,0.013605442,0.6875,30611,17092,10,11,0
dreamhost,0,4,17,2,3,0.000640164,0.015761821,0.464444444,31242,17904,11,12,0
dreamhost,0,4,17,2,3,0.000336268,0.006868132,0.546153846,32712,20148,12,13,0
dreamhost,0,4,17,2,3,0.000233973,0.008567931,0.339805825,34192,20047,13,14,0
dreamhost,0,4,17,2,3,0.00124239,0.00128041,0.422222222,24147,8059,15,16,0
dreamhost,0,4,17,2,3,6.16E-05,0.001381215,0.551724138,16225,4879,16,17,0
grid dynamics,0,1,17,1,3,0.004478827,0.1875,0.345491388,2456,289,1,2,0
grid dynamics,0,1,17,1,3,0.010129235,0.28,0.460618847,2863,536,2,3,0
grid dynamics,0,1,17,1,3,0.008569967,0.15,0.666285278,7818,1268,3,4,0
grid dynamics,0,1,17,1,3,0.000410734,0.03030303,0.475524476,7304,3394,4,5,0
grid dynamics,0,1,17,1,3,0.002349486,0.06122449,0.257370518,10215,2634,5,6,0
grid dynamics,0,1,17,1,3,0.003582303,0.106382979,0.21031746,16749,3615,6,7,0
grid dynamics,0,1,17,1,3,0.00401195,0.100478469,0.803212851,23430,6070,7,8,0
grid dynamics,0,1,17,1,3,0.004261824,0.0546875,0.694835681,21587,10086,8,9,0
grid dynamics,0,1,17,1,3,0.000206245,0.008645533,0.115942029,24243,13896,9,10,0
grid dynamics,0,1,17,1,3,6.53E-05,0.004535147,0.946745562,30611,17092,10,11,0
grid dynamics,0,1,17,1,3,0.000152849,0.002747253,0.722222222,32712,20148,12,13,0
grid dynamics,0,1,17,1,3,0.003246373,0.00122399,0.583629893,34192,20047,13,14,0
grid dynamics,0,1,17,1,3,0.001318454,0.00248139,0.586956522,21237,7893,14,15,0
grid dynamics,0,1,17,1,3,0.000124239,0.00128041,0.428571429,24147,8059,15,16,0
grid dynamics,0,1,17,1,3,0.000123267,0.001381215,1,16225,4879,16,17,0
internap,0,1,18,1,3,0.003664495,0.1875,0.345491388,2456,289,1,2,0
internap,0,1,18,1,3,0.000136911,0.015151515,0.440944882,7304,3394,4,5,0
internap,0,1,18,1,3,0.00186001,0.040816327,0.636363636,10215,2634,5,6,0
internap,0,1,18,1,3,0.000417935,0.042553191,0.5,16749,3615,6,7,0
internap,0,1,18,1,3,4.27E-05,0.004784689,0.194134897,23430,6070,7,8,0
internap,0,1,18,1,3,0.002501506,0.04296875,0.3,21587,10086,8,9,0
internap,0,1,18,1,3,0.001319969,0.04610951,0.38,24243,13896,9,10,0
internap,0,1,18,1,3,0.000849368,0.024943311,0.5,30611,17092,10,11,0
internap,0,1,18,1,3,0.00105627,0.036777583,0.486486486,31242,17904,11,12,0
internap,0,1,18,1,3,0.000366838,0.005494505,1,32712,20148,12,13,0
internap,0,1,18,1,3,0.001696303,0.015911873,0.769230769,34192,20047,13,14,0
internap,0,1,18,1,3,0.004096624,0.012406948,0.960784314,21237,7893,14,15,0
internap,0,1,18,1,3,0.002070651,0.014084507,1,24147,8059,15,16,0
internap,0,1,18,1,3,0.001047766,0.011049724,1,16225,4879,16,17,0
internap,0,1,18,1,3,0.000118308,0.002739726,0.322580645,16905,5356,17,18,0
izel technologies,0,6,16,4,3,0.000417935,0.035460993,0.197718631,16749,3615,6,7,0
izel technologies,0,6,16,4,3,8.54E-05,0.009569378,0.123333333,23430,6070,7,8,0
izel technologies,0,6,16,4,3,0.00055589,0.02734375,0.33681073,21587,10086,8,9,0
izel technologies,0,6,16,4,3,4.12E-05,0.002881844,0.375,24243,13896,9,10,0
izel technologies,0,6,16,4,3,6.53E-05,0.002267574,0.268595041,30611,17092,10,11,0
izel technologies,0,6,16,4,3,4.14E-05,0.00128041,0.266666667,24147,8059,15,16,0
mirantis,0,3,18,1,3,0.007802507,0.15,0.666285278,7818,1268,3,4,0
mirantis,0,3,18,1,3,0.000821468,0.045454545,0.490291262,7304,3394,4,5,0
mirantis,0,3,18,1,3,0.106510034,0.142857143,0.998691099,10215,2634,5,6,0
mirantis,0,3,18,1,3,0.249925369,0.177304965,0.905628198,16749,3615,6,7,0
mirantis,0,3,18,1,3,0.266965429,0.425837321,0.808657157,23430,6070,7,8,0
mirantis,0,3,18,1,3,0.1575022,0.46875,0.941747573,21587,10086,8,9,0
mirantis,0,3,18,1,3,0.154642577,0.386167147,0.875247525,24243,13896,9,10,0
mirantis,0,3,18,1,3,0.182352749,0.394557823,0.879464286,30611,17092,10,11,0
mirantis,0,3,18,1,3,0.228538506,0.369527145,0.819951338,31242,17904,11,12,0
mirantis,0,3,18,1,3,0.211268036,0.318681319,0.972361809,32712,20148,12,13,0
mirantis,0,3,18,1,3,0.205252691,0.364749082,0.974025974,34192,20047,13,14,0
mirantis,0,3,18,1,3,0.120968122,0.294044665,0.792553191,21237,7893,14,15,0
mirantis,0,3,18,1,3,0.0576055,0.2368758,0.538216561,24147,8059,15,16,0
mirantis,0,3,18,1,3,0.03587057,0.077348066,0.694690265,16225,4879,16,17,0
mirantis,0,3,18,1,3,0.02585034,0.101369863,0.243770314,16905,5356,17,18,0
nexenta,0,5,16,3,3,0.000685267,0.020408163,0.311688312,10215,2634,5,6,0
nexenta,0,5,16,3,3,0.000537346,0.014184397,0.421052632,16749,3615,6,7,0
nexenta,0,5,16,3,3,0.001195049,0.028708134,0.123333333,23430,6070,7,8,0
nexenta,0,5,16,3,3,0.000231621,0.00390625,0.149184149,21587,10086,8,9,0
nexenta,0,5,16,3,3,0.000213989,0.002747253,0.150074294,32712,20148,12,13,0
nexenta,0,5,16,3,3,0.00017548,0.003671971,0.180851064,34192,20047,13,14,0
nexenta,0,5,16,3,3,0.000188351,0.00248139,0.179069767,21237,7893,14,15,0
nexenta,0,5,16,3,3,4.14E-05,0.00128041,0.257095159,24147,8059,15,16,0
solidfire,0,4,18,2,3,0.00109529,0.045454545,0.490291262,7304,3394,4,5,0
solidfire,0,4,18,2,3,0.005482134,0.071428571,0.329192547,10215,2634,5,6,0
solidfire,0,4,18,2,3,0.003940534,0.056737589,0.154639175,16749,3615,6,7,0
solidfire,0,4,18,2,3,0.003499787,0.023923445,0.123333333,23430,6070,7,8,0
solidfire,0,4,18,2,3,0.001389725,0.015625,0.149184149,21587,10086,8,9,0
solidfire,0,4,18,2,3,0.001526214,0.011527378,0.132124352,24243,13896,9,10,0
solidfire,0,4,18,2,3,0.001862076,0.009070295,0.114599686,30611,17092,10,11,0
solidfire,0,4,18,2,3,0.001728442,0.017513135,0.180574555,31242,17904,11,12,0
solidfire,0,4,18,2,3,0.000733676,0.004120879,0.150074294,32712,20148,12,13,0
solidfire,0,4,18,2,3,0.000321713,0.00244798,0.180851064,34192,20047,13,14,0
solidfire,0,4,18,2,3,0.000235438,0.001240695,0.179069767,21237,7893,14,15,0
solidfire,0,4,18,2,3,0.00124239,0.014084507,0.141210375,24147,8059,15,16,0
solidfire,0,4,18,2,3,0.002157165,0.006906077,0.166058394,16225,4879,16,17,0
solidfire,0,4,18,2,3,0.000236616,0.004109589,0.379310345,16905,5356,17,18,0
unitedstack,0,4,18,1,3,0.000136911,0.015151515,0.5,7304,3394,4,5,0
unitedstack,0,4,18,1,3,0.002545277,0.112244898,0.239285714,10215,2634,5,6,0
unitedstack,0,4,18,1,3,0.001194101,0.063829787,0.303167421,16749,3615,6,7,0
unitedstack,0,4,18,1,3,0.009688434,0.224880383,0.147919877,23430,6070,7,8,0
unitedstack,0,4,18,1,3,0.00731922,0.171875,0.22327791,21587,10086,8,9,0
unitedstack,0,4,18,1,3,0.000866229,0.028818444,0.168081494,24243,13896,9,10,0
unitedstack,0,4,18,1,3,0.000130672,0.006802721,0.65,30611,17092,10,11,0
unitedstack,0,4,18,1,3,0.001408361,0.036777583,0.594594595,31242,17904,11,12,0
unitedstack,0,4,18,1,3,0.003729518,0.032967033,0.871428571,32712,20148,12,13,0
unitedstack,0,4,18,1,3,0.000935891,0.017135863,1,34192,20047,13,14,0
unitedstack,0,4,18,1,3,0.00080049,0.008684864,0.425,21237,7893,14,15,0
unitedstack,0,4,18,1,3,0.000331304,0.008962868,0.182926829,24147,8059,15,16,0
unitedstack,0,4,18,1,3,0.0001849,0.004143646,0.733333333,16225,4879,16,17,0
unitedstack,0,4,18,1,3,0.000177462,0.004109589,0.313432836,16905,5356,17,18,0
va linux,0,3,18,4,3,0.014965464,0.15,0.666285278,7818,1268,3,4,0
va linux,0,3,18,4,3,0.007667032,0.181818182,0.575757576,7304,3394,4,5,0
va linux,0,3,18,4,3,0.002349486,0.030612245,0.855555556,10215,2634,5,6,0
va linux,0,3,18,4,3,0.006030211,0.042553191,0.458100559,16749,3615,6,7,0
va linux,0,3,18,4,3,0.010328638,0.023923445,0.674285714,23430,6070,7,8,0
va linux,0,3,18,4,3,0.006855978,0.03125,0.456090652,21587,10086,8,9,0
va linux,0,3,18,4,3,0.006269851,0.054755043,0.147952444,24243,13896,9,10,0
va linux,0,3,18,4,3,0.006206919,0.036281179,0.308133971,30611,17092,10,11,0
va linux,0,3,18,4,3,0.003104795,0.017513135,0.538888889,31242,17904,11,12,0
va linux,0,3,18,4,3,0.000947664,0.01510989,0.610294118,32712,20148,12,13,0
va linux,0,3,18,4,3,0.000467946,0.003671971,0.870229008,34192,20047,13,14,0
va linux,0,3,18,4,3,0.00098884,0.006203474,0.9,21237,7893,14,15,0
va linux,0,3,18,4,3,0.000869673,0.010243278,0.233333333,24147,8059,15,16,0
va linux,0,3,18,4,3,0.001787365,0.008287293,0.785714286,16225,4879,16,17,0
va linux,0,3,18,4,3,0.000769003,0.005479452,0.464285714,16905,5356,17,18,0
wikimedia foundation,0,1,18,6,3,0.031758958,0.3125,0.345491388,2456,289,1,2,0
wikimedia foundation,0,1,18,6,3,0.00174642,0.12,0.460618847,2863,536,2,3,0
wikimedia foundation,0,1,18,6,3,0.00643483,0.106060606,0.490291262,7304,3394,4,5,0
wikimedia foundation,0,1,18,6,3,0.004209496,0.102040816,0.411764706,10215,2634,5,6,0
wikimedia foundation,0,1,18,6,3,0.00047764,0.035460993,0.197718631,16749,3615,6,7,0
wikimedia foundation,0,1,18,6,3,8.54E-05,0.004784689,0.333333333,23430,6070,7,8,0
wikimedia foundation,0,1,18,6,3,0.000247494,0.008645533,0.447552448,24243,13896,9,10,0
wikimedia foundation,0,1,18,6,3,9.80E-05,0.004535147,0.608695652,30611,17092,10,11,0
wikimedia foundation,0,1,18,6,3,0.000128033,0.007005254,0.542372881,31242,17904,11,12,0
wikimedia foundation,0,1,18,6,3,9.17E-05,0.004120879,0.363636364,32712,20148,12,13,0
wikimedia foundation,0,1,18,6,3,2.92E-05,0.00122399,0.167938931,34192,20047,13,14,0
wikimedia foundation,0,1,18,6,3,4.71E-05,0.001240695,0.143410853,21237,7893,14,15,0
wikimedia foundation,0,1,18,6,3,4.14E-05,0.00128041,0.282208589,24147,8059,15,16,0
yahoo!,0,4,18,5,3,0.123767798,0.045454545,0.897512438,7304,3394,4,5,0
yahoo!,0,4,18,5,3,0.080176211,0.071428571,0.957081545,10215,2634,5,6,0
yahoo!,0,4,18,5,3,0.014985969,0.070921986,0.947019868,16749,3615,6,7,0
yahoo!,0,4,18,5,3,0.023346137,0.066985646,0.858156028,23430,6070,7,8,0
yahoo!,0,4,18,5,3,0.016908324,0.08984375,0.694835681,21587,10086,8,9,0
yahoo!,0,4,18,5,3,0.019098296,0.11815562,0.922279793,24243,13896,9,10,0
yahoo!,0,4,18,5,3,0.018228741,0.136054422,0.923344948,30611,17092,10,11,0
yahoo!,0,4,18,5,3,0.012387171,0.073555166,0.877697842,31242,17904,11,12,0
yahoo!,0,4,18,5,3,0.004921741,0.037087912,0.697368421,32712,20148,12,13,0
yahoo!,0,4,18,5,3,0.000350959,0.006119951,0.206896552,34192,20047,13,14,0
yahoo!,0,4,18,5,3,0.000282526,0.006203474,0.285714286,21237,7893,14,15,0
yahoo!,0,4,18,5,3,0.000869673,0.008962868,0.225806452,24147,8059,15,16,0
yahoo!,0,4,18,5,3,0.0005547,0.006906077,0.213675214,16225,4879,16,17,0
yahoo!,0,4,18,5,3,0.000650695,0.010958904,0.428571429,16905,5356,17,18,0
brocade,0,6,17,3,4,0.00047764,0.042553191,0.21031746,16749,3615,6,7,0
brocade,0,6,17,3,4,0.000341443,0.009569378,0.147919877,23430,6070,7,8,0
brocade,0,6,17,3,4,0.000324269,0.0234375,0.237569061,21587,10086,8,9,0
brocade,0,6,17,3,4,0.000453739,0.014409222,0.147952444,24243,13896,9,10,0
brocade,0,6,17,3,4,0.001274052,0.01814059,0.702702703,30611,17092,10,11,0
brocade,0,6,17,3,4,0.0019525,0.017513135,0.818181818,31242,17904,11,12,0
brocade,0,6,17,3,4,0.001161653,0.009615385,0.269230769,32712,20148,12,13,0
brocade,0,6,17,3,4,0.001228358,0.012239902,0.157232704,34192,20047,13,14,0
brocade,0,6,17,3,4,0.000188351,0.004962779,0.217391304,21237,7893,14,15,0
brocade,0,6,17,3,4,6.16E-05,0.001381215,0.166058394,16225,4879,16,17,0
huawei,0,7,18,1,4,0.004139991,0.167464115,0.147919877,23430,6070,7,8,0
huawei,0,7,18,1,4,0.017788484,0.20703125,0.765625,21587,10086,8,9,0
huawei,0,7,18,1,4,0.018397063,0.13832853,0.813953488,24243,13896,9,10,0
huawei,0,7,18,1,4,0.020090817,0.156462585,0.389736477,30611,17092,10,11,0
huawei,0,7,18,1,4,0.024966391,0.126094571,0.659863946,31242,17904,11,12,0
huawei,0,7,18,1,4,0.025923209,0.111263736,0.5907173,32712,20148,12,13,0
huawei,0,7,18,1,4,0.02310482,0.093023256,0.674603175,34192,20047,13,14,0
huawei,0,7,18,1,4,0.040024486,0.098014888,0.707581227,21237,7893,14,15,0
huawei,0,7,18,1,4,0.052718764,0.110115237,0.849122807,24147,8059,15,16,0
huawei,0,7,18,1,4,0.063975347,0.127071823,0.233074362,16225,4879,16,17,0
huawei,0,7,18,1,4,0.044838805,0.112328767,0.243770314,16905,5356,17,18,0
inria,0,6,18,4,4,0.001970267,0.014184397,0.96969697,16749,3615,6,7,0
inria,0,6,18,4,4,0.000682885,0.014354067,0.875,23430,6070,7,8,0
inria,0,6,18,4,4,0.00055589,0.01171875,1,21587,10086,8,9,0
inria,0,6,18,4,4,4.14E-05,0.00128041,0.571428571,24147,8059,15,16,0
pure storage,0,9,18,2,4,0.000288743,0.005763689,0.132124352,24243,13896,9,10,0
pure storage,0,9,18,2,4,0.000751364,0.009070295,0.114599686,30611,17092,10,11,0
pure storage,0,9,18,2,4,0.000960246,0.012259194,0.180574555,31242,17904,11,12,0
pure storage,0,9,18,2,4,0.000703106,0.005494505,0.150074294,32712,20148,12,13,0
pure storage,0,9,18,2,4,0.000497192,0.006119951,0.180851064,34192,20047,13,14,0
pure storage,0,9,18,2,4,0.000188351,0.00248139,0.179069767,21237,7893,14,15,0
pure storage,0,9,18,2,4,0.000248478,0.002560819,0.141210375,24147,8059,15,16,0
pure storage,0,9,18,2,4,6.16E-05,0.001381215,0.173913043,16225,4879,16,17,0
pure storage,0,9,18,2,4,5.92E-05,0.001369863,0.380952381,16905,5356,17,18,0
rackspace,0,0,18,1,4,0.236789298,0.666666667,0.456007569,2990,175,0,1,0
rackspace,0,0,18,1,4,0.358713355,0.625,0.345491388,2456,289,1,2,0
rackspace,0,0,18,1,4,0.453021306,0.48,0.460618847,2863,536,2,3,0
rackspace,0,0,18,1,4,0.549884881,0.575,0.666285278,7818,1268,3,4,0
rackspace,0,0,18,1,4,0.364731654,0.621212121,0.490291262,7304,3394,4,5,0
rackspace,0,0,18,1,4,0.167205091,0.510204082,0.257370518,10215,2634,5,6,0
rackspace,0,0,18,1,4,0.087467909,0.326241135,0.197718631,16749,3615,6,7,0
rackspace,0,0,18,1,4,0.101579172,0.401913876,0.194134897,23430,6070,7,8,0
rackspace,0,0,18,1,4,0.110900079,0.3671875,0.968253968,21587,10086,8,9,0
rackspace,0,0,18,1,4,0.08084808,0.322766571,0.25,24243,13896,9,10,0
rackspace,0,0,18,1,4,0.074091013,0.238095238,0.948640483,30611,17092,10,11,0
rackspace,0,0,18,1,4,0.052301389,0.187390543,0.825082508,31242,17904,11,12,0
rackspace,0,0,18,1,4,0.050256787,0.186813187,0.690789474,32712,20148,12,13,0
rackspace,0,0,18,1,4,0.070396584,0.187270502,0.623441397,34192,20047,13,14,0
rackspace,0,0,18,1,4,0.067523662,0.220843672,0.914110429,21237,7893,14,15,0
rackspace,0,0,18,1,4,0.059469085,0.170294494,0.561538462,24147,8059,15,16,0
rackspace,0,0,18,1,4,0.054853621,0.147790055,0.629268293,16225,4879,16,17,0
rackspace,0,0,18,1,4,0.070452529,0.160273973,0.582978723,16905,5356,17,18,0
sina,0,5,18,1,4,0.004796867,0.12244898,0.329192547,10215,2634,5,6,0
sina,0,5,18,1,4,5.97E-05,0.007092199,0.154639175,16749,3615,6,7,0
sina,0,5,18,1,4,3.20E-05,0.001751313,0.888888889,31242,17904,11,12,0
sina,0,5,18,1,4,0.000152849,0.002747253,0.884615385,32712,20148,12,13,0
sina,0,5,18,1,4,0.000116986,0.00244798,0.428571429,34192,20047,13,14,0
sina,0,5,18,1,4,0.00080049,0.003722084,0.882352941,21237,7893,14,15,0
sina,0,5,18,1,4,0.003105976,0.035851472,0.9,24147,8059,15,16,0
sina,0,5,18,1,4,0.000986133,0.012430939,0.75,16225,4879,16,17,0
sina,0,5,18,1,4,0.000946466,0.005479452,0.9,16905,5356,17,18,0
suse,0,4,18,1,4,0.002053669,0.151515152,0.520920502,7304,3394,4,5,0
suse,0,4,18,1,4,0.007146353,0.163265306,0.257370518,10215,2634,5,6,0
suse,0,4,18,1,4,0.003940534,0.184397163,0.280442804,16749,3615,6,7,0
suse,0,4,18,1,4,0.027699531,0.33492823,0.238317757,23430,6070,7,8,0
suse,0,4,18,1,4,0.035113726,0.3515625,0.237569061,21587,10086,8,9,0
suse,0,4,18,1,4,0.0273481,0.305475504,0.25,24243,13896,9,10,0
suse,0,4,18,1,4,0.008461011,0.083900227,0.149812734,30611,17092,10,11,0
suse,0,4,18,1,4,0.011074835,0.087565674,0.164130435,31242,17904,11,12,0
suse,0,4,18,1,4,0.012503057,0.196428571,0.230031949,32712,20148,12,13,0
suse,0,4,18,1,4,0.017284745,0.357405141,0.255969436,34192,20047,13,14,0
suse,0,4,18,1,4,0.013655413,0.1191067,0.260928962,21237,7893,14,15,0
suse,0,4,18,1,4,0.023729656,0.199743918,0.257095159,24147,8059,15,16,0
suse,0,4,18,1,4,0.048135593,0.406077348,0.240641711,16225,4879,16,17,0
suse,0,4,18,1,4,0.018219462,0.173972603,0.329268293,16905,5356,17,18,0
at&t,0,1,18,5,5,0.003257329,0.1875,0.345491388,2456,289,1,2,0
at&t,0,1,18,5,5,0.02025847,0.2,0.460618847,2863,536,2,3,0
at&t,0,1,18,5,5,0.014453825,0.1,0.666285278,7818,1268,3,4,0
at&t,0,1,18,5,5,0.0020558,0.112244898,0.133333333,10215,2634,5,6,0
at&t,0,1,18,5,5,0.021195295,0.092198582,0.909090909,16749,3615,6,7,0
at&t,0,1,18,5,5,0.013700384,0.100478469,0.708860759,23430,6070,7,8,0
at&t,0,1,18,5,5,0.001806643,0.078125,0.388888889,21587,10086,8,9,0
at&t,0,1,18,5,5,0.000206245,0.014409222,0.692307692,24243,13896,9,10,0
at&t,0,1,18,5,5,9.80E-05,0.006802721,0.362318841,30611,17092,10,11,0
at&t,0,1,18,5,5,0.00070418,0.015761821,0.975422427,31242,17904,11,12,0
at&t,0,1,18,5,5,0.003270971,0.061813187,0.586592179,32712,20148,12,13,0
at&t,0,1,18,5,5,0.005205896,0.073439412,0.140760507,34192,20047,13,14,0
at&t,0,1,18,5,5,0.011536469,0.058312655,0.520547945,21237,7893,14,15,0
at&t,0,1,18,5,5,0.027746718,0.057618438,0.910526316,24147,8059,15,16,0
at&t,0,1,18,5,5,0.024838213,0.074585635,0.81884058,16225,4879,16,17,0
at&t,0,1,18,5,5,0.039810707,0.212328767,0.821705426,16905,5356,17,18,0
cern,0,4,18,5,5,0.000136911,0.015151515,0.440944882,7304,3394,4,5,0
cern,0,4,18,5,5,0.001174743,0.071428571,0.318600368,10215,2634,5,6,0
cern,0,4,18,5,5,0.001074691,0.042553191,0.280442804,16749,3615,6,7,0
cern,0,4,18,5,5,0.000384123,0.023923445,0.190883191,23430,6070,7,8,0
cern,0,4,18,5,5,0.001436049,0.05078125,0.341176471,21587,10086,8,9,0
cern,0,4,18,5,5,0.001443716,0.023054755,0.366666667,24243,13896,9,10,0
cern,0,4,18,5,5,0.001208716,0.024943311,0.431640625,30611,17092,10,11,0
cern,0,4,18,5,5,0.000960246,0.014010508,0.378378378,31242,17904,11,12,0
cern,0,4,18,5,5,0.000550257,0.012362637,0.457142857,32712,20148,12,13,0
cern,0,4,18,5,5,0.002018016,0.018359853,0.186246418,34192,20047,13,14,0
cern,0,4,18,5,5,0.002213119,0.012406948,0.191358025,21237,7893,14,15,0
cern,0,4,18,5,5,0.002981737,0.026888604,0.222222222,24147,8059,15,16,0
cern,0,4,18,5,5,0.002958398,0.012430939,0.364705882,16225,4879,16,17,0
cern,0,4,18,5,5,0.00230701,0.023287671,0.254237288,16905,5356,17,18,0
cisco systems,0,0,18,1,5,0.083277592,0.333333333,0.456007569,2990,175,0,1,0
cisco systems,0,0,18,1,5,0.058224756,0.4375,0.345491388,2456,289,1,2,0
cisco systems,0,0,18,1,5,0.076143905,0.56,0.460618847,2863,536,2,3,0
cisco systems,0,0,18,1,5,0.049245331,0.35,0.475728155,7818,1268,3,4,0
cisco systems,0,0,18,1,5,0.006982475,0.166666667,0.397727273,7304,3394,4,5,0
cisco systems,0,0,18,1,5,0.004405286,0.091836735,0.239285714,10215,2634,5,6,0
cisco systems,0,0,18,1,5,0.003761419,0.092198582,0.21031746,16749,3615,6,7,0
cisco systems,0,0,18,1,5,0.00917627,0.157894737,0.147919877,23430,6070,7,8,0
cisco systems,0,0,18,1,5,0.012692824,0.1875,0.164203612,21587,10086,8,9,0
cisco systems,0,0,18,1,5,0.019098296,0.172910663,0.147952444,24243,13896,9,10,0
cisco systems,0,0,18,1,5,0.018457417,0.131519274,0.151226158,30611,17092,10,11,0
cisco systems,0,0,18,1,5,0.021573523,0.106830123,0.935483871,31242,17904,11,12,0
cisco systems,0,0,18,1,5,0.018036195,0.086538462,0.99047619,32712,20148,12,13,0
cisco systems,0,0,18,1,5,0.014301591,0.084455324,0.39010989,34192,20047,13,14,0
cisco systems,0,0,18,1,5,0.015586006,0.052109181,0.518796992,21237,7893,14,15,0
cisco systems,0,0,18,1,5,0.017559117,0.052496799,0.914893617,24147,8059,15,16,0
cisco systems,0,0,18,1,5,0.014915254,0.044198895,0.900826446,16225,4879,16,17,0
cisco systems,0,0,18,1,5,0.008459036,0.026027397,0.709677419,16905,5356,17,18,0
citrix,0,0,18,3,5,0.030434783,0.416666667,0.456007569,2990,175,0,1,0
citrix,0,0,18,3,5,0.036237785,0.3125,0.345491388,2456,289,1,2,0
citrix,0,0,18,3,5,0.032832693,0.16,0.460618847,2863,536,2,3,0
citrix,0,0,18,3,5,0.020593502,0.225,0.475728155,7818,1268,3,4,0
citrix,0,0,18,3,5,0.01492333,0.242424242,0.490291262,7304,3394,4,5,0
citrix,0,0,18,3,5,0.004601077,0.081632653,0.257370518,10215,2634,5,6,0
citrix,0,0,18,3,5,0.003044958,0.056737589,0.197718631,16749,3615,6,7,0
citrix,0,0,18,3,5,0.001749893,0.043062201,0.194134897,23430,6070,7,8,0
citrix,0,0,18,3,5,0.004586093,0.02734375,1,21587,10086,8,9,0
citrix,0,0,18,3,5,0.000494988,0.008645533,0.777777778,24243,13896,9,10,0
citrix,0,0,18,3,5,0.00049002,0.011337868,0.149812734,30611,17092,10,11,0
citrix,0,0,18,3,5,0.002240574,0.007005254,1,31242,17904,11,12,0
citrix,0,0,18,3,5,0.001192223,0.008241758,1,32712,20148,12,13,0
citrix,0,0,18,3,5,0.002193496,0.009791922,1,34192,20047,13,14,0
citrix,0,0,18,3,5,0.002166031,0.011166253,1,21237,7893,14,15,0
citrix,0,0,18,3,5,0.002774672,0.011523688,0.911764706,24147,8059,15,16,0
citrix,0,0,18,3,5,0.002403698,0.005524862,0.92,16225,4879,16,17,0
citrix,0,0,18,3,5,0.00100562,0.006849315,0.666666667,16905,5356,17,18,0
comcast,0,5,18,5,5,0.000391581,0.030612245,0.257370518,10215,2634,5,6,0
comcast,0,5,18,5,5,5.97E-05,0.007092199,0.197718631,16749,3615,6,7,0
comcast,0,5,18,5,5,0.000128041,0.014354067,0.147919877,23430,6070,7,8,0
comcast,0,5,18,5,5,0.008199379,0.05859375,0.237569061,21587,10086,8,9,0
comcast,0,5,18,5,5,0.004166151,0.023054755,0.455830389,24243,13896,9,10,0
comcast,0,5,18,5,5,0.004344843,0.036281179,0.149812734,30611,17092,10,11,0
comcast,0,5,18,5,5,0.002592664,0.021015762,0.164130435,31242,17904,11,12,0
comcast,0,5,18,5,5,0.005044021,0.053571429,0.230031949,32712,20148,12,13,0
comcast,0,5,18,5,5,0.008627749,0.068543452,0.623441397,34192,20047,13,14,0
comcast,0,5,18,5,5,0.002872345,0.044665012,0.196428571,21237,7893,14,15,0
comcast,0,5,18,5,5,0.000165652,0.005121639,0.186666667,24147,8059,15,16,0
comcast,0,5,18,5,5,0.00100562,0.009589041,0.313432836,16905,5356,17,18,0
dell,0,3,18,1,5,0.00012791,0.025,0.5,7818,1268,3,4,0
dell,0,3,18,1,5,0.000821468,0.075757576,0.490291262,7304,3394,4,5,0
dell,0,3,18,1,5,0.000195791,0.020408163,0.338509317,10215,2634,5,6,0
dell,0,3,18,1,5,0.000716461,0.035460993,0.154639175,16749,3615,6,7,0
dell,0,3,18,1,5,0.000554844,0.04784689,0.388095238,23430,6070,7,8,0
dell,0,3,18,1,5,0.001621346,0.046875,0.149184149,21587,10086,8,9,0
dell,0,3,18,1,5,0.001567463,0.034582133,0.132124352,24243,13896,9,10,0
dell,0,3,18,1,5,0.002580772,0.029478458,0.114599686,30611,17092,10,11,0
dell,0,3,18,1,5,0.003456885,0.04028021,0.180574555,31242,17904,11,12,0
dell,0,3,18,1,5,0.011799951,0.068681319,0.150074294,32712,20148,12,13,0
dell,0,3,18,1,5,0.008042817,0.050183599,0.180851064,34192,20047,13,14,0
dell,0,3,18,1,5,0.013278712,0.062034739,0.179069767,21237,7893,14,15,0
dell,0,3,18,1,5,0.010353253,0.067861716,0.141210375,24147,8059,15,16,0
dell,0,3,18,1,5,0.009491525,0.029005525,0.166058394,16225,4879,16,17,0
dell,0,3,18,1,5,0.009464655,0.031506849,0.353741497,16905,5356,17,18,0
deutsche telekom,0,6,18,5,5,0.00011941,0.007092199,0.154639175,16749,3615,6,7,0
deutsche telekom,0,6,18,5,5,0.001408451,0.062200957,0.123333333,23430,6070,7,8,0
deutsche telekom,0,6,18,5,5,0.001713995,0.05859375,0.33681073,21587,10086,8,9,0
deutsche telekom,0,6,18,5,5,0.001113724,0.031700288,0.319290466,24243,13896,9,10,0
deutsche telekom,0,6,18,5,5,0.000751364,0.01814059,0.268595041,30611,17092,10,11,0
deutsche telekom,0,6,18,5,5,0.000448115,0.007005254,0.375,31242,17904,11,12,0
deutsche telekom,0,6,18,5,5,0.001283933,0.016483516,0.269230769,32712,20148,12,13,0
deutsche telekom,0,6,18,5,5,0.000116986,0.004895961,0.157232704,34192,20047,13,14,0
deutsche telekom,0,6,18,5,5,0.000188351,0.003722084,0.179069767,21237,7893,14,15,0
deutsche telekom,0,6,18,5,5,0.000165652,0.002560819,0.141210375,24147,8059,15,16,0
deutsche telekom,0,6,18,5,5,0.001355932,0.01519337,0.3125,16225,4879,16,17,0
deutsche telekom,0,6,18,5,5,0.000946466,0.010958904,0.461538462,16905,5356,17,18,0
ebay,0,4,18,5,5,0.000136911,0.015151515,0.490291262,7304,3394,4,5,0
ebay,0,4,18,5,5,0.000881057,0.06122449,0.287323944,10215,2634,5,6,0
ebay,0,4,18,5,5,0.000537346,0.028368794,0.197718631,16749,3615,6,7,0
ebay,0,4,18,5,5,0.000597525,0.028708134,0.339869281,23430,6070,7,8,0
ebay,0,4,18,5,5,0.002038264,0.046875,0.364705882,21587,10086,8,9,0
ebay,0,4,18,5,5,0.001608712,0.037463977,0.284090909,24243,13896,9,10,0
ebay,0,4,18,5,5,0.000914704,0.015873016,0.464150943,30611,17092,10,11,0
ebay,0,4,18,5,5,0.000384098,0.012259194,0.238219895,31242,17904,11,12,0
ebay,0,4,18,5,5,0.000641966,0.004120879,0.204142012,32712,20148,12,13,0
ebay,0,4,18,5,5,0.000292466,0.004895961,0.416666667,34192,20047,13,14,0
ebay,0,4,18,5,5,4.14E-05,0.00128041,0.513761468,24147,8059,15,16,0
ebay,0,4,18,5,5,6.16E-05,0.001381215,0.694690265,16225,4879,16,17,0
ebay,0,4,18,5,5,5.92E-05,0.001369863,0.846153846,16905,5356,17,18,0
ericsson,0,6,18,5,5,5.97E-05,0.007092199,0.131147541,16749,3615,6,7,0
ericsson,0,6,18,5,5,0.00166767,0.02734375,0.227848101,21587,10086,8,9,0
ericsson,0,6,18,5,5,0.001897455,0.048991354,0.5,24243,13896,9,10,0
ericsson,0,6,18,5,5,0.003822155,0.036281179,0.419354839,30611,17092,10,11,0
ericsson,0,6,18,5,5,0.001504385,0.03502627,0.267015707,31242,17904,11,12,0
ericsson,0,6,18,5,5,0.004249205,0.048076923,0.586592179,32712,20148,12,13,0
ericsson,0,6,18,5,5,0.004094525,0.055079559,0.729166667,34192,20047,13,14,0
ericsson,0,6,18,5,5,0.004096624,0.052109181,0.232258065,21237,7893,14,15,0
ericsson,0,6,18,5,5,0.005922061,0.044814341,0.182926829,24147,8059,15,16,0
ericsson,0,6,18,5,5,0.006409861,0.020718232,0.233074362,16225,4879,16,17,0
ericsson,0,6,18,5,5,0.003371783,0.020547945,0.243770314,16905,5356,17,18,0
fujitsu,0,7,18,3,5,0.000170721,0.004784689,0.34375,23430,6070,7,8,0
fujitsu,0,7,18,3,5,0.000185297,0.00390625,0.237569061,21587,10086,8,9,0
fujitsu,0,7,18,3,5,0.001979953,0.023054755,0.25,24243,13896,9,10,0
fujitsu,0,7,18,3,5,0.002548104,0.0430839,0.323275862,30611,17092,10,11,0
fujitsu,0,7,18,3,5,0.016868318,0.11558669,0.464444444,31242,17904,11,12,0
fujitsu,0,7,18,3,5,0.022101981,0.108516484,0.405745063,32712,20148,12,13,0
fujitsu,0,7,18,3,5,0.031732569,0.204406365,0.255969436,34192,20047,13,14,0
fujitsu,0,7,18,3,5,0.036775439,0.277915633,0.260928962,21237,7893,14,15,0
fujitsu,0,7,18,3,5,0.026835632,0.23815621,0.257095159,24147,8059,15,16,0
fujitsu,0,7,18,3,5,0.028597843,0.212707182,0.511111111,16225,4879,16,17,0
fujitsu,0,7,18,3,5,0.028393966,0.309589041,0.65,16905,5356,17,18,0
hp,0,0,18,1,5,0.019397993,0.25,0.64084507,2990,175,0,1,0
hp,0,0,18,1,5,0.01262215,0.3125,0.617647059,2456,289,1,2,0
hp,0,0,18,1,5,0.012574223,0.28,0.460618847,2863,536,2,3,0
hp,0,0,18,1,5,0.007162957,0.175,0.666285278,7818,1268,3,4,0
hp,0,0,18,1,5,0.013964951,0.272727273,0.451476793,7304,3394,4,5,0
hp,0,0,18,1,5,0.012922173,0.387755102,0.257370518,10215,2634,5,6,0
hp,0,0,18,1,5,0.049495492,0.382978723,0.506993007,16749,3615,6,7,0
hp,0,0,18,1,5,0.047204439,0.320574163,0.644736842,23430,6070,7,8,0
hp,0,0,18,1,5,0.045305045,0.27734375,0.965909091,21587,10086,8,9,0
hp,0,0,18,1,5,0.073588252,0.291066282,0.961956522,24243,13896,9,10,0
hp,0,0,18,1,5,0.056156284,0.29478458,0.942675159,30611,17092,10,11,0
hp,0,0,18,1,5,0.050252865,0.232924694,0.587570621,31242,17904,11,12,0
hp,0,0,18,1,5,0.017669357,0.129120879,0.302564103,32712,20148,12,13,0
hp,0,0,18,1,5,0.010645765,0.088127295,0.413043478,34192,20047,13,14,0
hp,0,0,18,1,5,0.004332062,0.042183623,0.191588785,21237,7893,14,15,0
hp,0,0,18,1,5,0.004638257,0.039692702,0.482758621,24147,8059,15,16,0
hp,0,0,18,1,5,0.002280431,0.022099448,0.285714286,16225,4879,16,17,0
hp,0,0,18,1,5,0.001242236,0.009589041,0.5,16905,5356,17,18,0
hpe,0,4,18,1,5,0.014238773,0.363636364,0.770769231,7304,3394,4,5,0
hpe,0,4,18,1,5,0.010572687,0.316326531,0.257370518,10215,2634,5,6,0
hpe,0,4,18,1,5,0.02089677,0.382978723,0.197718631,16749,3615,6,7,0
hpe,0,4,18,1,5,0.026589842,0.373205742,0.194134897,23430,6070,7,8,0
hpe,0,4,18,1,5,0.029554825,0.28515625,0.401544402,21587,10086,8,9,0
hpe,0,4,18,1,5,0.055603679,0.377521614,0.319290466,24243,13896,9,10,0
hpe,0,4,18,1,5,0.056744308,0.346938776,0.523809524,30611,17092,10,11,0
hpe,0,4,18,1,5,0.060719544,0.316987741,0.425287356,31242,17904,11,12,0
hpe,0,4,18,1,5,0.056645879,0.285714286,0.688311688,32712,20148,12,13,0
hpe,0,4,18,1,5,0.043518952,0.189718482,0.195364238,34192,20047,13,14,0
hpe,0,4,18,1,5,0.014173377,0.098014888,0.208835341,21237,7893,14,15,0
hpe,0,4,18,1,5,0.006584669,0.066581306,0.482758621,24147,8059,15,16,0
hpe,0,4,18,1,5,0.003204931,0.024861878,0.727272727,16225,4879,16,17,0
hpe,0,4,18,1,5,0.004022479,0.038356164,0.313432836,16905,5356,17,18,0
ibm,0,4,18,1,5,0.00109529,0.090909091,0.5,7304,3394,4,5,0
ibm,0,4,18,1,5,0.021047479,0.306122449,0.257370518,10215,2634,5,6,0
ibm,0,4,18,1,5,0.051883695,0.326241135,0.197718631,16749,3615,6,7,0
ibm,0,4,18,1,5,0.055868545,0.344497608,0.194134897,23430,6070,7,8,0
ibm,0,4,18,1,5,0.071848798,0.35546875,0.33681073,21587,10086,8,9,0
ibm,0,4,18,1,5,0.069009611,0.345821326,0.216884008,24243,13896,9,10,0
ibm,0,4,18,1,5,0.103328869,0.301587302,0.989350373,30611,17092,10,11,0
ibm,0,4,18,1,5,0.071154215,0.352014011,0.88,31242,17904,11,12,0
ibm,0,4,18,1,5,0.086359746,0.243131868,0.774621212,32712,20148,12,13,0
ibm,0,4,18,1,5,0.060715957,0.223990208,0.68172888,34192,20047,13,14,0
ibm,0,4,18,1,5,0.061449357,0.186104218,0.487940631,21237,7893,14,15,0
ibm,0,4,18,1,5,0.040087796,0.176696543,0.182926829,24147,8059,15,16,0
ibm,0,4,18,1,5,0.040123267,0.124309392,0.233074362,16225,4879,16,17,0
ibm,0,4,18,1,5,0.029695356,0.101369863,0.243770314,16905,5356,17,18,0
intel,0,0,18,3,5,0.000668896,0.083333333,0.456007569,2990,175,0,1,0
intel,0,0,18,3,5,0.009173056,0.227272727,0.490291262,7304,3394,4,5,0
intel,0,0,18,3,5,0.011845326,0.265306122,0.257370518,10215,2634,5,6,0
intel,0,0,18,3,5,0.018030927,0.255319149,0.21031746,16749,3615,6,7,0
intel,0,0,18,3,5,0.012291933,0.229665072,0.194134897,23430,6070,7,8,0
intel,0,0,18,3,5,0.021170149,0.28125,0.242280285,21587,10086,8,9,0
intel,0,0,18,3,5,0.018438312,0.161383285,0.537142857,24243,13896,9,10,0
intel,0,0,18,3,5,0.017771389,0.136054422,0.1900978,30611,17092,10,11,0
intel,0,0,18,3,5,0.020229179,0.127845884,0.194015444,31242,17904,11,12,0
intel,0,0,18,3,5,0.024119589,0.153846154,0.173321234,32712,20148,12,13,0
intel,0,0,18,3,5,0.030562705,0.140758874,0.140760507,34192,20047,13,14,0
intel,0,0,18,3,5,0.026981212,0.105459057,0.208835341,21237,7893,14,15,0
intel,0,0,18,3,5,0.020126724,0.09475032,0.182926829,24147,8059,15,16,0
intel,0,0,18,3,5,0.013004622,0.074585635,0.366197183,16225,4879,16,17,0
intel,0,0,18,3,5,0.016799763,0.067123288,0.762376238,16905,5356,17,18,0
kt corporation,0,6,16,5,5,0.00011941,0.007092199,0.303167421,16749,3615,6,7,0
kt corporation,0,6,16,5,5,0.000256082,0.023923445,0.512820513,23430,6070,7,8,0
kt corporation,0,6,16,5,5,8.28E-05,0.00128041,0.528571429,24147,8059,15,16,0
nec,0,4,18,1,5,0.000136911,0.015151515,0.770769231,7304,3394,4,5,0
nec,0,4,18,1,5,0.00372002,0.06122449,0.239285714,10215,2634,5,6,0
nec,0,4,18,1,5,0.006388441,0.127659574,0.21031746,16749,3615,6,7,0
nec,0,4,18,1,5,0.010627401,0.157894737,0.190883191,23430,6070,7,8,0
nec,0,4,18,1,5,0.018714967,0.1484375,0.33681073,21587,10086,8,9,0
nec,0,4,18,1,5,0.013323434,0.106628242,0.216884008,24243,13896,9,10,0
nec,0,4,18,1,5,0.016399334,0.068027211,0.268595041,30611,17092,10,11,0
nec,0,4,18,1,5,0.019332949,0.103327496,0.375,31242,17904,11,12,0
nec,0,4,18,1,5,0.032434581,0.218406593,0.365333333,32712,20148,12,13,0
nec,0,4,18,1,5,0.027023865,0.2374541,0.205179283,34192,20047,13,14,0
nec,0,4,18,1,5,0.031077836,0.220843672,0.273015873,21237,7893,14,15,0
nec,0,4,18,1,5,0.050689527,0.341869398,0.282208589,24147,8059,15,16,0
nec,0,4,18,1,5,0.030138675,0.164364641,0.408906883,16225,4879,16,17,0
nec,0,4,18,1,5,0.026264419,0.112328767,0.490654206,16905,5356,17,18,0
netapp,0,4,18,2,5,0.000410734,0.045454545,0.474272931,7304,3394,4,5,0
netapp,0,4,18,2,5,0.00035823,0.014184397,0.154639175,16749,3615,6,7,0
netapp,0,4,18,2,5,0.000640205,0.009569378,0.123333333,23430,6070,7,8,0
netapp,0,4,18,2,5,0.00166767,0.03125,0.149184149,21587,10086,8,9,0
netapp,0,4,18,2,5,0.002474941,0.014409222,0.974358974,24243,13896,9,10,0
netapp,0,4,18,2,5,0.001274052,0.013605442,0.114599686,30611,17092,10,11,0
netapp,0,4,18,2,5,0.002144549,0.024518389,0.180574555,31242,17904,11,12,0
netapp,0,4,18,2,5,0.001039374,0.008241758,0.150074294,32712,20148,12,13,0
netapp,0,4,18,2,5,0.001345344,0.017135863,0.180851064,34192,20047,13,14,0
netapp,0,4,18,2,5,0.001271366,0.009925558,0.25,21237,7893,14,15,0
netapp,0,4,18,2,5,0.000621195,0.008962868,0.141210375,24147,8059,15,16,0
netapp,0,4,18,2,5,0.001109399,0.009668508,0.166058394,16225,4879,16,17,0
netapp,0,4,18,2,5,0.001360544,0.017808219,0.207289294,16905,5356,17,18,0
netease,0,6,17,1,5,0.001074691,0.028368794,0.197718631,16749,3615,6,7,0
netease,0,6,17,1,5,0.000768246,0.028708134,0.194134897,23430,6070,7,8,0
netease,0,6,17,1,5,0.00055589,0.01953125,0.242280285,21587,10086,8,9,0
netease,0,6,17,1,5,0.000288743,0.014409222,0.147952444,24243,13896,9,10,0
netease,0,6,17,1,5,9.80E-05,0.006802721,0.114599686,30611,17092,10,11,0
netease,0,6,17,1,5,6.16E-05,0.001381215,0.233074362,16225,4879,16,17,0
nokia,0,8,18,1,5,9.26E-05,0.0078125,0.182662539,21587,10086,8,9,0
nokia,0,8,18,1,5,8.25E-05,0.005763689,0.147952444,24243,13896,9,10,0
nokia,0,8,18,1,5,0.000130672,0.009070295,0.526645768,30611,17092,10,11,0
nokia,0,8,18,1,5,0.001664426,0.029772329,0.841726619,31242,17904,11,12,0
nokia,0,8,18,1,5,0.013511861,0.041208791,0.989285714,32712,20148,12,13,0
nokia,0,8,18,1,5,0.007194665,0.033047736,0.793103448,34192,20047,13,14,0
nokia,0,8,18,1,5,0.007957809,0.033498759,0.526315789,21237,7893,14,15,0
nokia,0,8,18,1,5,0.012672382,0.035851472,0.824,24147,8059,15,16,0
nokia,0,8,18,1,5,0.016209553,0.035911602,0.71257485,16225,4879,16,17,0
nokia,0,8,18,1,5,0.009168885,0.02739726,0.710526316,16905,5356,17,18,0
ntt,0,1,18,5,5,0.056188925,0.375,0.345491388,2456,289,1,2,0
ntt,0,1,18,5,5,0.036325533,0.24,0.460618847,2863,536,2,3,0
ntt,0,1,18,5,5,0.021105142,0.15,0.666285278,7818,1268,3,4,0
ntt,0,1,18,5,5,0.006024096,0.121212121,0.575757576,7304,3394,4,5,0
ntt,0,1,18,5,5,0.024082232,0.214285714,0.855555556,10215,2634,5,6,0
ntt,0,1,18,5,5,0.008776643,0.127659574,0.458100559,16749,3615,6,7,0
ntt,0,1,18,5,5,0.005377721,0.133971292,0.674285714,23430,6070,7,8,0
ntt,0,1,18,5,5,0.005049335,0.09375,0.456090652,21587,10086,8,9,0
ntt,0,1,18,5,5,0.007466073,0.07204611,0.428571429,24243,13896,9,10,0
ntt,0,1,18,5,5,0.008853027,0.088435374,0.923913043,30611,17092,10,11,0
ntt,0,1,18,5,5,0.007105819,0.078809107,0.180574555,31242,17904,11,12,0
ntt,0,1,18,5,5,0.006633651,0.053571429,0.739130435,32712,20148,12,13,0
ntt,0,1,18,5,5,0.011493917,0.062423501,0.755102041,34192,20047,13,14,0
ntt,0,1,18,5,5,0.010594717,0.037220844,0.953488372,21237,7893,14,15,0
ntt,0,1,18,5,5,0.00989771,0.052496799,0.182926829,24147,8059,15,16,0
ntt,0,1,18,5,5,0.016949153,0.049723757,0.233074362,16225,4879,16,17,0
ntt,0,1,18,5,5,0.016918072,0.109589041,0.243770314,16905,5356,17,18,0
oracle,0,6,18,3,5,5.97E-05,0.007092199,0.154639175,16749,3615,6,7,0
oracle,0,6,18,3,5,0.001749893,0.019138756,0.59020979,23430,6070,7,8,0
oracle,0,6,18,3,5,0.00055589,0.00390625,0.401215805,21587,10086,8,9,0
oracle,0,6,18,3,5,0.000453739,0.011527378,0.132124352,24243,13896,9,10,0
oracle,0,6,18,3,5,0.00032668,0.011337868,0.114599686,30611,17092,10,11,0
oracle,0,6,18,3,5,0.005025286,0.022767075,0.992857143,31242,17904,11,12,0
oracle,0,6,18,3,5,0.0051663,0.012362637,1,32712,20148,12,13,0
oracle,0,6,18,3,5,0.002310482,0.011015912,1,34192,20047,13,14,0
oracle,0,6,18,3,5,0.002071856,0.009925558,0.296116505,21237,7893,14,15,0
oracle,0,6,18,3,5,0.002401955,0.030729834,0.141210375,24147,8059,15,16,0
oracle,0,6,18,3,5,0.001848998,0.017955801,1,16225,4879,16,17,0
oracle,0,6,18,3,5,0.002425318,0.015068493,0.676470588,16905,5356,17,18,0
orange,0,4,18,5,5,0.000410734,0.045454545,0.770769231,7304,3394,4,5,0
orange,0,4,18,5,5,0.000656756,0.028368794,0.197718631,16749,3615,6,7,0
orange,0,4,18,5,5,9.26E-05,0.00390625,0.660130719,21587,10086,8,9,0
orange,0,4,18,5,5,0.000288743,0.002881844,1,24243,13896,9,10,0
orange,0,4,18,5,5,0.001731404,0.009070295,0.97826087,30611,17092,10,11,0
orange,0,4,18,5,5,0.004929262,0.026269702,1,31242,17904,11,12,0
orange,0,4,18,5,5,0.003912937,0.006868132,0.933333333,32712,20148,12,13,0
orange,0,4,18,5,5,0.002836921,0.009791922,0.895522388,34192,20047,13,14,0
orange,0,4,18,5,5,0.003249046,0.008684864,0.821428571,21237,7893,14,15,0
orange,0,4,18,5,5,0.005549344,0.008962868,0.847619048,24147,8059,15,16,0
orange,0,4,18,5,5,0.009614792,0.016574586,0.929292929,16225,4879,16,17,0
orange,0,4,18,5,5,0.005323869,0.024657534,0.811320755,16905,5356,17,18,0
persistent systems,0,4,18,1,5,0.000958379,0.015151515,0.483146067,7304,3394,4,5,0
persistent systems,0,4,18,1,5,0.002349486,0.051020408,0.133333333,10215,2634,5,6,0
persistent systems,0,4,18,1,5,0.001313511,0.035460993,0.378091873,16749,3615,6,7,0
persistent systems,0,4,18,1,5,8.54E-05,0.004784689,0.33604336,23430,6070,7,8,0
persistent systems,0,4,18,1,5,9.26E-05,0.0078125,0.164203612,21587,10086,8,9,0
persistent systems,0,4,18,1,5,0.000164996,0.008645533,0.397540984,24243,13896,9,10,0
persistent systems,0,4,18,1,5,0.000457352,0.006802721,0.273195876,30611,17092,10,11,0
persistent systems,0,4,18,1,5,0.000128033,0.003502627,0.238219895,31242,17904,11,12,0
persistent systems,0,4,18,1,5,0.000146233,0.006119951,0.75,34192,20047,13,14,0
persistent systems,0,4,18,1,5,4.71E-05,0.001240695,0.251798561,21237,7893,14,15,0
persistent systems,0,4,18,1,5,0.000123267,0.002762431,0.263157895,16225,4879,16,17,0
persistent systems,0,4,18,1,5,5.92E-05,0.001369863,0.777777778,16905,5356,17,18,0
red hat,0,3,18,1,5,0.00089537,0.075,0.666285278,7818,1268,3,4,0
red hat,0,3,18,1,5,0.083105148,0.439393939,0.490291262,7304,3394,4,5,0
red hat,0,3,18,1,5,0.174547234,0.5,0.991843393,10215,2634,5,6,0
red hat,0,3,18,1,5,0.133500507,0.489361702,0.969450102,16749,3615,6,7,0
red hat,0,3,18,1,5,0.123516859,0.483253589,0.59020979,23430,6070,7,8,0
red hat,0,3,18,1,5,0.138787233,0.4609375,0.242280285,21587,10086,8,9,0
red hat,0,3,18,1,5,0.140659159,0.463976945,0.985422741,24243,13896,9,10,0
red hat,0,3,18,1,5,0.132338048,0.41723356,0.975274725,30611,17092,10,11,0
red hat,0,3,18,1,5,0.110876384,0.359019264,0.256190476,31242,17904,11,12,0
red hat,0,3,18,1,5,0.107789191,0.361263736,0.355018587,32712,20148,12,13,0
red hat,0,3,18,1,5,0.130322883,0.380660955,0.489795918,34192,20047,13,14,0
red hat,0,3,18,1,5,0.140650751,0.285359801,0.232258065,21237,7893,14,15,0
red hat,0,3,18,1,5,0.177330517,0.352112676,0.182926829,24147,8059,15,16,0
red hat,0,3,18,1,5,0.191432974,0.504143646,0.974093264,16225,4879,16,17,0
red hat,0,3,18,1,5,0.215143449,0.576712329,0.905172414,16905,5356,17,18,0
samsung,0,8,18,5,5,0.003566962,0.08984375,0.33681073,21587,10086,8,9,0
samsung,0,8,18,5,5,0.000164996,0.008645533,0.132124352,24243,13896,9,10,0
samsung,0,8,18,5,5,6.53E-05,0.004535147,0.3984375,30611,17092,10,11,0
samsung,0,8,18,5,5,3.20E-05,0.001751313,0.194015444,31242,17904,11,12,0
samsung,0,8,18,5,5,0.000659227,0.007444169,0.488372093,21237,7893,14,15,0
samsung,0,8,18,5,5,0.00082826,0.010243278,0.182926829,24147,8059,15,16,0
samsung,0,8,18,5,5,0.000123267,0.002762431,0.352941176,16225,4879,16,17,0
samsung,0,8,18,5,5,0.000946466,0.005479452,0.75,16905,5356,17,18,0
vmware,0,1,18,3,5,0.023615635,0.25,0.345491388,2456,289,1,2,0
vmware,0,1,18,3,5,0.005588543,0.12,0.460618847,2863,536,2,3,0
vmware,0,1,18,3,5,0.021488872,0.225,0.475728155,7818,1268,3,4,0
vmware,0,1,18,3,5,0.030668127,0.242424242,0.490291262,7304,3394,4,5,0
vmware,0,1,18,3,5,0.011453744,0.142857143,0.239285714,10215,2634,5,6,0
vmware,0,1,18,3,5,0.013194818,0.163120567,0.21031746,16749,3615,6,7,0
vmware,0,1,18,3,5,0.012590696,0.124401914,0.147919877,23430,6070,7,8,0
vmware,0,1,18,3,5,0.02418122,0.15234375,0.242280285,21587,10086,8,9,0
vmware,0,1,18,3,5,0.020830755,0.132564841,0.216884008,24243,13896,9,10,0
vmware,0,1,18,3,5,0.021528209,0.088435374,0.749103943,30611,17092,10,11,0
vmware,0,1,18,3,5,0.015491966,0.063047285,0.798353909,31242,17904,11,12,0
vmware,0,1,18,3,5,0.015926877,0.059065934,0.800724638,32712,20148,12,13,0
vmware,0,1,18,3,5,0.018308376,0.06119951,0.853372434,34192,20047,13,14,0
vmware,0,1,18,3,5,0.020106418,0.060794045,0.877934272,21237,7893,14,15,0
vmware,0,1,18,3,5,0.024392264,0.056338028,0.920110193,24147,8059,15,16,0
vmware,0,1,18,3,5,0.021941448,0.031767956,0.879032258,16225,4879,16,17,0
vmware,0,1,18,3,5,0.01963916,0.030136986,0.813471503,16905,5356,17,18,0
zte corporation,0,5,18,1,5,0.000391581,0.010204082,0.311688312,10215,2634,5,6,0
zte corporation,0,5,18,1,5,5.97E-05,0.007092199,0.303167421,16749,3615,6,7,0
zte corporation,0,5,18,1,5,0.000366838,0.008241758,0.144230769,32712,20148,12,13,0
zte corporation,0,5,18,1,5,0.021700983,0.179926561,0.842105263,34192,20047,13,14,0
zte corporation,0,5,18,1,5,0.033714743,0.196029777,0.916030534,21237,7893,14,15,0
zte corporation,0,5,18,1,5,0.020954984,0.090909091,0.884615385,24147,8059,15,16,0
zte corporation,0,5,18,1,5,0.019167951,0.093922652,0.291497976,16225,4879,16,17,0
zte corporation,0,5,18,1,5,0.01112097,0.02739726,0.447368421,16905,5356,17,18,0
alyseo,1,6,8,3,1,0.000417935,0.028368794,0.154639175,16749,3615,6,7,1
alyseo,1,6,8,3,1,8.54E-05,0.004784689,0.123333333,23430,6070,7,8,1
cloudscaling,1,0,11,1,1,0.000334448,0.083333333,0.64084507,2990,175,0,1,1
cloudscaling,1,0,11,1,1,0.002035831,0.0625,0.617647059,2456,289,1,2,1
cloudscaling,1,0,11,1,1,0.009779951,0.2,0.460618847,2863,536,2,3,1
cloudscaling,1,0,11,1,1,0.008569967,0.125,0.666285278,7818,1268,3,4,1
cloudscaling,1,0,11,1,1,0.012048193,0.136363636,0.490291262,7304,3394,4,5,1
cloudscaling,1,0,11,1,1,0.021536955,0.255102041,0.257370518,10215,2634,5,6,1
cloudscaling,1,0,11,1,1,0.013075407,0.156028369,0.197718631,16749,3615,6,7,1
cloudscaling,1,0,11,1,1,0.0026035,0.052631579,0.194134897,23430,6070,7,8,1
cloudscaling,1,0,11,1,1,0.000509566,0.0078125,1,21587,10086,8,9,1
cloudscaling,1,0,11,1,1,0.002144949,0.051873199,0.621710526,24243,13896,9,10,1
cloudscaling,1,0,11,1,1,9.80E-05,0.006802721,0.428571429,30611,17092,10,11,1
nimbis services,1,1,12,5,1,0.001221498,0.1875,0.274647887,2456,289,1,2,1
nimbis services,1,1,12,5,1,0.011383986,0.15,0.666285278,7818,1268,3,4,1
nimbis services,1,1,12,5,1,0.007393209,0.151515152,0.490291262,7304,3394,4,5,1
nimbis services,1,1,12,5,1,0.007440039,0.06122449,0.338509317,10215,2634,5,6,1
nimbis services,1,1,12,5,1,0.002507612,0.021276596,0.304147465,16749,3615,6,7,1
nimbis services,1,1,12,5,1,0.001152369,0.023923445,0.238317757,23430,6070,7,8,1
nimbis services,1,1,12,5,1,0.000463242,0.00390625,0.237569061,21587,10086,8,9,1
nimbis services,1,1,12,5,1,0.000224057,0.001751313,0.164130435,31242,17904,11,12,1
anchor,1,9,12,1,2,0.000123747,0.005763689,0.525,24243,13896,9,10,1
anchor,1,9,12,1,2,0.000196008,0.009070295,0.735294118,30611,17092,10,11,1
anchor,1,9,12,1,2,9.60E-05,0.001751313,0.164130435,31242,17904,11,12,1
b<>com,1,11,16,3,2,6.40E-05,0.003502627,1,31242,17904,11,12,1
b<>com,1,11,16,3,2,0.003943507,0.008241758,0.586592179,32712,20148,12,13,1
b<>com,1,11,16,3,2,0.003568086,0.008567931,0.470967742,34192,20047,13,14,1
b<>com,1,11,16,3,2,0.002872345,0.006203474,0.369747899,21237,7893,14,15,1
b<>com,1,11,16,3,2,0.000124239,0.002560819,0.225806452,24147,8059,15,16,1
blue box,1,6,15,1,2,0.00507493,0.09929078,0.770833333,16749,3615,6,7,1
blue box,1,6,15,1,2,0.001237729,0.014354067,0.644736842,23430,6070,7,8,1
blue box,1,6,15,1,2,0.000416918,0.03125,0.555555556,21587,10086,8,9,1
blue box,1,6,15,1,2,0.00082498,0.008645533,0.666666667,24243,13896,9,10,1
blue box,1,6,15,1,2,0.002188756,0.045351474,0.916666667,30611,17092,10,11,1
blue box,1,6,15,1,2,0.00070418,0.008756567,0.888888889,31242,17904,11,12,1
blue box,1,6,15,1,2,0.000122279,0.002747253,0.5,32712,20148,12,13,1
blue box,1,6,15,1,2,2.92E-05,0.00122399,0.75,34192,20047,13,14,1
blue box,1,6,15,1,2,4.71E-05,0.001240695,0.191358025,21237,7893,14,15,1
cc-in2p3,1,13,16,1,2,0.000965138,0.00244798,0.64516129,34192,20047,13,14,1
cc-in2p3,1,13,16,1,2,0.001600979,0.00248139,0.76,21237,7893,14,15,1
cc-in2p3,1,13,16,1,2,0.000124239,0.002560819,0.583333333,24147,8059,15,16,1
codethink,1,11,18,4,2,6.40E-05,0.001751313,0.322834646,31242,17904,11,12,1
coraid,1,6,7,3,2,5.97E-05,0.007092199,0.154639175,16749,3615,6,7,1
cybera,1,5,13,1,2,0.002153696,0.06122449,0.318600368,10215,2634,5,6,1
cybera,1,5,13,1,2,0.001910562,0.063829787,0.755813953,16749,3615,6,7,1
cybera,1,5,13,1,2,0.000512164,0.019138756,0.258928571,23430,6070,7,8,1
cybera,1,5,13,1,2,0.000833835,0.00390625,0.356725146,21587,10086,8,9,1
cybera,1,5,13,1,2,0.000152849,0.002747253,0.375,32712,20148,12,13,1
enovance,1,4,11,1,2,0.007940854,0.136363636,0.490291262,7304,3394,4,5,1
enovance,1,4,11,1,2,0.004698972,0.12244898,0.525252525,10215,2634,5,6,1
enovance,1,4,11,1,2,0.01014986,0.163120567,0.402214022,16749,3615,6,7,1
enovance,1,4,11,1,2,0.015535638,0.263157895,0.388095238,23430,6070,7,8,1
enovance,1,4,11,1,2,0.024042248,0.24609375,0.227848101,21587,10086,8,9,1
enovance,1,4,11,1,2,0.006476096,0.083573487,0.495575221,24243,13896,9,10,1
enovance,1,4,11,1,2,6.53E-05,0.004535147,0.579831933,30611,17092,10,11,1
gridcentric,1,5,10,3,2,0.000293686,0.030612245,0.287323944,10215,2634,5,6,1
gridcentric,1,5,10,3,2,0.00023882,0.021276596,0.131147541,16749,3615,6,7,1
gridcentric,1,5,10,3,2,0.000426803,0.014354067,0.194134897,23430,6070,7,8,1
gridcentric,1,5,10,3,2,0.000185297,0.015625,0.164203612,21587,10086,8,9,1
gridcentric,1,5,10,3,2,4.12E-05,0.002881844,0.375598086,24243,13896,9,10,1
momentumsi,1,6,7,4,2,0.000179115,0.007092199,0.304147465,16749,3615,6,7,1
nebula,1,0,11,1,2,0.044481605,0.416666667,0.456007569,2990,175,0,1,1
nebula,1,0,11,1,2,0.029723127,0.3125,0.345491388,2456,289,1,2,1
nebula,1,0,11,1,2,0.052392595,0.28,0.460618847,2863,536,2,3,1
nebula,1,0,11,1,2,0.043617293,0.2,0.492662474,7818,1268,3,4,1
nebula,1,0,11,1,2,0.053943045,0.242424242,0.520920502,7304,3394,4,5,1
nebula,1,0,11,1,2,0.038179148,0.255102041,0.646788991,10215,2634,5,6,1
nebula,1,0,11,1,2,0.027643441,0.177304965,0.197718631,16749,3615,6,7,1
nebula,1,0,11,1,2,0.00926163,0.129186603,0.194134897,23430,6070,7,8,1
nebula,1,0,11,1,2,0.001158104,0.0546875,0.263157895,21587,10086,8,9,1
nebula,1,0,11,1,2,0.002763684,0.031700288,0.216884008,24243,13896,9,10,1
nebula,1,0,11,1,2,0.001600732,0.024943311,0.639344262,30611,17092,10,11,1
ngnware,1,14,15,4,2,4.71E-05,0.001240695,0.208835341,21237,7893,14,15,1
nicira,1,6,7,3,2,0.00047764,0.014184397,0.21031746,16749,3615,6,7,1
plumgrid,1,6,16,3,2,0.000298525,0.035460993,0.346153846,16749,3615,6,7,1
plumgrid,1,6,16,3,2,0.001067008,0.023923445,0.238317757,23430,6070,7,8,1
plumgrid,1,6,16,3,2,0.000741187,0.015625,0.164203612,21587,10086,8,9,1
plumgrid,1,6,16,3,2,0.000453739,0.014409222,0.147952444,24243,13896,9,10,1
plumgrid,1,6,16,3,2,0.000457352,0.013605442,0.259259259,30611,17092,10,11,1
plumgrid,1,6,16,3,2,0.0019525,0.017513135,0.947368421,31242,17904,11,12,1
plumgrid,1,6,16,3,2,0.00342382,0.012362637,0.964285714,32712,20148,12,13,1
plumgrid,1,6,16,3,2,0.003246373,0.015911873,0.966666667,34192,20047,13,14,1
plumgrid,1,6,16,3,2,0.000659227,0.006203474,0.75,21237,7893,14,15,1
plumgrid,1,6,16,3,2,4.14E-05,0.00128041,0.513761468,24147,8059,15,16,1
savoir-faire linux,1,10,12,4,2,0.000228676,0.004535147,0.946666667,30611,17092,10,11,1
savoir-faire linux,1,10,12,4,2,0.000224057,0.003502627,0.967032967,31242,17904,11,12,1
stackops,1,5,13,1,2,0.0020558,0.040816327,0.771428571,10215,2634,5,6,1
stackops,1,5,13,1,2,0.000597051,0.04964539,0.533333333,16749,3615,6,7,1
stackops,1,5,13,1,2,0.000170721,0.019138756,0.147919877,23430,6070,7,8,1
stackops,1,5,13,1,2,9.26E-05,0.0078125,0.356725146,21587,10086,8,9,1
stackops,1,5,13,1,2,9.80E-05,0.006802721,0.46961326,30611,17092,10,11,1
stackops,1,5,13,1,2,3.06E-05,0.001373626,0.930232558,32712,20148,12,13,1
the guardian,1,6,9,5,2,0.000417935,0.042553191,0.197718631,16749,3615,6,7,1
the guardian,1,6,9,5,2,0.000128041,0.009569378,0.59020979,23430,6070,7,8,1
the guardian,1,6,9,5,2,0.000277945,0.015625,0.164203612,21587,10086,8,9,1
violin memory,1,10,14,3,2,9.80E-05,0.004535147,0.114599686,30611,17092,10,11,1
violin memory,1,10,14,3,2,9.60E-05,0.003502627,0.180574555,31242,17904,11,12,1
violin memory,1,10,14,3,2,6.11E-05,0.002747253,0.150074294,32712,20148,12,13,1
violin memory,1,10,14,3,2,5.85E-05,0.00122399,0.180851064,34192,20047,13,14,1
xsky,1,7,13,2,2,0.000597525,0.014354067,0.123333333,23430,6070,7,8,1
xsky,1,7,13,2,2,4.63E-05,0.00390625,0.242280285,21587,10086,8,9,1
xsky,1,7,13,2,2,4.12E-05,0.002881844,0.216884008,24243,13896,9,10,1
xsky,1,7,13,2,2,3.27E-05,0.002267574,0.114599686,30611,17092,10,11,1
xsky,1,7,13,2,2,6.40E-05,0.001751313,0.322834646,31242,17904,11,12,1
xsky,1,7,13,2,2,3.06E-05,0.001373626,0.144230769,32712,20148,12,13,1
zetta.io,1,11,13,1,2,9.60E-05,0.003502627,0.391959799,31242,17904,11,12,1
zetta.io,1,11,13,1,2,3.06E-05,0.001373626,0.173913043,32712,20148,12,13,1
xlab,1,7,11,3,2,4.27E-05,0.004784689,0.388095238,23430,6070,7,8,1
xlab,1,7,11,3,2,0.000277945,0.01171875,0.227848101,21587,10086,8,9,1
xlab,1,7,11,3,2,0.000618735,0.008645533,0.271812081,24243,13896,9,10,1
xlab,1,7,11,3,2,3.27E-05,0.002267574,0.151226158,30611,17092,10,11,1
wanclouds,1,8,13,1,2,9.26E-05,0.00390625,0.571428571,21587,10086,8,9,1
wanclouds,1,8,13,1,2,0.000371241,0.005763689,0.397540984,24243,13896,9,10,1
wanclouds,1,8,13,1,2,3.06E-05,0.001373626,0.204142012,32712,20148,12,13,1
a10 networks,1,9,18,3,3,0.000659984,0.031700288,0.147952444,24243,13896,9,10,1
a10 networks,1,9,18,3,3,0.001535396,0.022675737,0.308133971,30611,17092,10,11,1
a10 networks,1,9,18,3,3,0.00070418,0.012259194,0.178571429,31242,17904,11,12,1
a10 networks,1,9,18,3,3,0.000580827,0.008241758,0.190420561,32712,20148,12,13,1
a10 networks,1,9,18,3,3,0.000643425,0.018359853,0.182692308,34192,20047,13,14,1
a10 networks,1,9,18,3,3,9.42E-05,0.00248139,0.535714286,21237,7893,14,15,1
bluehost,1,6,9,1,3,0.000298525,0.035460993,0.205714286,16749,3615,6,7,1
bluehost,1,6,9,1,3,0.000384123,0.038277512,0.158914729,23430,6070,7,8,1
bluehost,1,6,9,1,3,0.000880159,0.0234375,0.242280285,21587,10086,8,9,1
chef,1,5,14,7,3,0.006265296,0.051020408,1,10215,2634,5,6,1
chef,1,5,14,7,3,0.000955281,0.028368794,1,16749,3615,6,7,1
chef,1,5,14,7,3,0.001152369,0.043062201,0.571428571,23430,6070,7,8,1
chef,1,5,14,7,3,0.002408857,0.046875,0.333333333,21587,10086,8,9,1
chef,1,5,14,7,3,0.000742482,0.014409222,0.168081494,24243,13896,9,10,1
chef,1,5,14,7,3,0.00065336,0.029478458,0.513513514,30611,17092,10,11,1
chef,1,5,14,7,3,0.000672172,0.015761821,0.555555556,31242,17904,11,12,1
chef,1,5,14,7,3,6.11E-05,0.002747253,0.178308824,32712,20148,12,13,1
chef,1,5,14,7,3,0.000350959,0.00244798,0.167938931,34192,20047,13,14,1
cloudwatt,1,5,18,1,3,9.79E-05,0.010204082,0.646788991,10215,2634,5,6,1
cloudwatt,1,5,18,1,3,0.00011941,0.014184397,0.294117647,16749,3615,6,7,1
cloudwatt,1,5,18,1,3,0.000768246,0.052631579,0.190883191,23430,6070,7,8,1
cloudwatt,1,5,18,1,3,0.006439061,0.125,0.242280285,21587,10086,8,9,1
cloudwatt,1,5,18,1,3,0.002846182,0.051873199,0.338983051,24243,13896,9,10,1
cloudwatt,1,5,18,1,3,0.000784032,0.027210884,0.87398374,30611,17092,10,11,1
cloudwatt,1,5,18,1,3,0.000736188,0.014010508,0.135566188,31242,17904,11,12,1
cloudwatt,1,5,18,1,3,0.000244559,0.006868132,0.178308824,32712,20148,12,13,1
cloudwatt,1,5,18,1,3,0.000321713,0.008567931,0.167938931,34192,20047,13,14,1
cloudwatt,1,5,18,1,3,0.000141263,0.003722084,0.191588785,21237,7893,14,15,1
cloudwatt,1,5,18,1,3,4.14E-05,0.00128041,0.282208589,24147,8059,15,16,1
daocloud,1,14,16,1,3,0.000141263,0.001240695,0.35,21237,7893,14,15,1
daocloud,1,14,16,1,3,4.14E-05,0.00128041,0.234177215,24147,8059,15,16,1
docker,1,7,14,6,3,4.27E-05,0.004784689,0.194134897,23430,6070,7,8,1
docker,1,7,14,6,3,0.000602214,0.015625,0.333333333,21587,10086,8,9,1
docker,1,7,14,6,3,0.000453739,0.005763689,0.263157895,24243,13896,9,10,1
docker,1,7,14,6,3,3.20E-05,0.001751313,0.636363636,31242,17904,11,12,1
docker,1,7,14,6,3,3.06E-05,0.001373626,0.928571429,32712,20148,12,13,1
docker,1,7,14,6,3,2.92E-05,0.00122399,0.333333333,34192,20047,13,14,1
eisoo,1,13,15,3,3,8.77E-05,0.003671971,0.492957746,34192,20047,13,14,1
eisoo,1,13,15,3,3,0.000141263,0.00248139,0.398373984,21237,7893,14,15,1
intralinks,1,13,14,5,3,2.92E-05,0.00122399,0.255969436,34192,20047,13,14,1
isp ras,1,6,12,3,3,0.000179115,0.014184397,0.196202532,16749,3615,6,7,1
isp ras,1,6,12,3,3,6.40E-05,0.003502627,0.322834646,31242,17904,11,12,1
iweb,1,6,9,1,3,0.000895576,0.028368794,0.491803279,16749,3615,6,7,1
iweb,1,6,9,1,3,0.005164319,0.066985646,0.514285714,23430,6070,7,8,1
iweb,1,6,9,1,3,0.000185297,0.01171875,0.275862069,21587,10086,8,9,1
mynet,1,6,7,2,3,5.97E-05,0.007092199,0.197718631,16749,3615,6,7,1
oneconvergence,1,15,16,2,3,4.14E-05,0.00128041,0.561904762,24147,8059,15,16,1
percona,1,8,11,3,3,0.000138973,0.00390625,0.263157895,21587,10086,8,9,1
percona,1,8,11,3,3,4.12E-05,0.002881844,0.25,24243,13896,9,10,1
percona,1,8,11,3,3,6.53E-05,0.004535147,0.526645768,30611,17092,10,11,1
piston cloud,1,0,13,1,3,0.034113712,0.5,0.456007569,2990,175,0,1,1
piston cloud,1,0,13,1,3,0.046416938,0.3125,0.345491388,2456,289,1,2,1
piston cloud,1,0,13,1,3,0.026196298,0.24,0.460618847,2863,536,2,3,1
piston cloud,1,0,13,1,3,0.021616782,0.175,0.666285278,7818,1268,3,4,1
piston cloud,1,0,13,1,3,0.007940854,0.151515152,0.490291262,7304,3394,4,5,1
piston cloud,1,0,13,1,3,0.002251591,0.081632653,0.133333333,10215,2634,5,6,1
piston cloud,1,0,13,1,3,0.000716461,0.04964539,0.4,16749,3615,6,7,1
piston cloud,1,0,13,1,3,0.00128041,0.033492823,0.52173913,23430,6070,7,8,1
piston cloud,1,0,13,1,3,0.000185297,0.01171875,0.711538462,21587,10086,8,9,1
piston cloud,1,0,13,1,3,4.12E-05,0.002881844,0.216884008,24243,13896,9,10,1
piston cloud,1,0,13,1,3,3.06E-05,0.001373626,0.848484848,32712,20148,12,13,1
puppet labs,1,2,13,7,3,0.00349284,0.04,1,2863,536,2,3,1
puppet labs,1,2,13,7,3,0.02507035,0.075,0.568807339,7818,1268,3,4,1
puppet labs,1,2,13,7,3,0.034775465,0.075757576,0.730337079,7304,3394,4,5,1
puppet labs,1,2,13,7,3,0.028389623,0.06122449,0.318600368,10215,2634,5,6,1
puppet labs,1,2,13,7,3,0.019702669,0.070921986,0.905628198,16749,3615,6,7,1
puppet labs,1,2,13,7,3,0.002091336,0.038277512,0.258928571,23430,6070,7,8,1
puppet labs,1,2,13,7,3,0.001204429,0.04296875,0.353846154,21587,10086,8,9,1
puppet labs,1,2,13,7,3,0.001484965,0.040345821,0.4375,24243,13896,9,10,1
puppet labs,1,2,13,7,3,0.001666068,0.029478458,0.405797101,30611,17092,10,11,1
puppet labs,1,2,13,7,3,0.000128033,0.007005254,0.619047619,31242,17904,11,12,1
puppet labs,1,2,13,7,3,3.06E-05,0.001373626,0.178308824,32712,20148,12,13,1
scality,1,6,13,3,3,0.00011941,0.014184397,0.154639175,16749,3615,6,7,1
scality,1,6,13,3,3,4.27E-05,0.004784689,0.123333333,23430,6070,7,8,1
scality,1,6,13,3,3,0.000228676,0.009070295,0.316939891,30611,17092,10,11,1
scality,1,6,13,3,3,3.06E-05,0.001373626,0.150074294,32712,20148,12,13,1
spil games,1,6,8,5,3,0.00035823,0.014184397,0.843137255,16749,3615,6,7,1
spil games,1,6,8,5,3,8.54E-05,0.009569378,0.190883191,23430,6070,7,8,1
tintri,1,6,12,3,3,0.000955281,0.028368794,0.197718631,16749,3615,6,7,1
tintri,1,6,12,3,3,0.000224057,0.007005254,0.180574555,31242,17904,11,12,1
virtualtech,1,5,14,4,3,0.000685267,0.051020408,0.257370518,10215,2634,5,6,1
virtualtech,1,5,14,4,3,0.003224073,0.063829787,0.197718631,16749,3615,6,7,1
virtualtech,1,5,14,4,3,0.000896287,0.052631579,0.194134897,23430,6070,7,8,1
virtualtech,1,5,14,4,3,0.000602214,0.02734375,0.242280285,21587,10086,8,9,1
virtualtech,1,5,14,4,3,3.27E-05,0.002267574,0.20754717,30611,17092,10,11,1
virtualtech,1,5,14,4,3,3.20E-05,0.001751313,0.194015444,31242,17904,11,12,1
virtualtech,1,5,14,4,3,9.17E-05,0.002747253,0.577464789,32712,20148,12,13,1
virtualtech,1,5,14,4,3,8.77E-05,0.00244798,0.60472973,34192,20047,13,14,1
x-io,1,10,13,3,3,0.000130672,0.004535147,0.114599686,30611,17092,10,11,1
x-io,1,10,13,3,3,9.60E-05,0.003502627,0.180574555,31242,17904,11,12,1
x-io,1,10,13,3,3,6.11E-05,0.002747253,0.150074294,32712,20148,12,13,1
instituto de telecomunicacoes,1,6,11,5,4,0.00011941,0.014184397,0.154639175,16749,3615,6,7,1
instituto de telecomunicacoes,1,6,11,5,4,4.12E-05,0.002881844,0.115942029,24243,13896,9,10,1
instituto de telecomunicacoes,1,6,11,5,4,9.80E-05,0.004535147,0.5,30611,17092,10,11,1
pivotal,1,6,7,3,4,5.97E-05,0.007092199,0.304147465,16749,3615,6,7,1
sony mobile communications,1,9,12,5,4,0.000164996,0.002881844,0.447552448,24243,13896,9,10,1
sony mobile communications,1,9,12,5,4,3.20E-05,0.001751313,0.322834646,31242,17904,11,12,1
bloomberg,1,10,14,5,5,9.80E-05,0.002267574,0.821428571,30611,17092,10,11,1
bloomberg,1,10,14,5,5,0.000416107,0.00525394,0.587570621,31242,17904,11,12,1
bloomberg,1,10,14,5,5,5.85E-05,0.00244798,0.167938931,34192,20047,13,14,1
bull,1,6,9,3,5,5.97E-05,0.007092199,0.924528302,16749,3615,6,7,1
bull,1,6,9,3,5,0.000426803,0.014354067,0.59020979,23430,6070,7,8,1
bull,1,6,9,3,5,0.000694863,0.03125,0.4,21587,10086,8,9,1
business connexion,1,6,9,1,5,0.00011941,0.007092199,0.196202532,16749,3615,6,7,1
business connexion,1,6,9,1,5,0.000138973,0.00390625,0.8,21587,10086,8,9,1
epam,1,8,14,1,5,0.000185297,0.0078125,0.626470588,21587,10086,8,9,1
epam,1,8,14,1,5,0.000864221,0.00525394,0.256190476,31242,17904,11,12,1
epam,1,8,14,1,5,0.001253363,0.002747253,0.69047619,32712,20148,12,13,1
epam,1,8,14,1,5,0.000467946,0.003671971,0.647058824,34192,20047,13,14,1
google,1,9,15,7,5,4.12E-05,0.002881844,0.428571429,24243,13896,9,10,1
google,1,9,15,7,5,3.27E-05,0.002267574,0.384057971,30611,17092,10,11,1
google,1,9,15,7,5,0.000128033,0.003502627,0.333333333,31242,17904,11,12,1
google,1,9,15,7,5,9.17E-05,0.001373626,0.428571429,32712,20148,12,13,1
google,1,9,15,7,5,0.000116986,0.00244798,0.380952381,34192,20047,13,14,1
google,1,9,15,7,5,0.000470876,0.001240695,0.384615385,21237,7893,14,15,1
inktank,1,1,10,3,5,0.001628664,0.1875,0.345491388,2456,289,1,2,1
inktank,1,1,10,3,5,0.00025582,0.025,0.666285278,7818,1268,3,4,1
inktank,1,1,10,3,5,0.000273823,0.03030303,0.451476793,7304,3394,4,5,1
inktank,1,1,10,3,5,0.000978953,0.040816327,0.329192547,10215,2634,5,6,1
inktank,1,1,10,3,5,0.000298525,0.021276596,0.154639175,16749,3615,6,7,1
inktank,1,1,10,3,5,0.000341443,0.023923445,0.225806452,23430,6070,7,8,1
inktank,1,1,10,3,5,0.000138973,0.0078125,0.242280285,21587,10086,8,9,1
inktank,1,1,10,3,5,4.12E-05,0.002881844,0.216884008,24243,13896,9,10,1
kddi,1,12,16,5,5,0.000183419,0.006868132,0.178308824,32712,20148,12,13,1
kddi,1,12,16,5,5,8.77E-05,0.003671971,0.167938931,34192,20047,13,14,1
kddi,1,12,16,5,5,4.71E-05,0.001240695,0.191588785,21237,7893,14,15,1
kddi,1,12,16,5,5,8.28E-05,0.00128041,0.141210375,24147,8059,15,16,1
nimbula,1,6,7,1,5,5.97E-05,0.007092199,0.131147541,16749,3615,6,7,1
reliance,1,6,18,5,5,0.00035823,0.007092199,0.154639175,16749,3615,6,7,1
reliance,1,6,18,5,5,0.001031226,0.034582133,0.574468085,24243,13896,9,10,1
reliance,1,6,18,5,5,0.000588024,0.027210884,0.114599686,30611,17092,10,11,1
reliance,1,6,18,5,5,0.000416107,0.014010508,0.375,31242,17904,11,12,1
reliance,1,6,18,5,5,0.000703106,0.01510989,0.365333333,32712,20148,12,13,1
reliance,1,6,18,5,5,5.85E-05,0.00244798,0.180851064,34192,20047,13,14,1
sk telecom,1,15,18,5,5,0.000124239,0.00128041,0.234177215,24147,8059,15,16,1
symantec,1,7,16,5,5,0.000384123,0.019138756,0.388095238,23430,6070,7,8,1
symantec,1,7,16,5,5,0.001436049,0.04296875,0.6,21587,10086,8,9,1
symantec,1,7,16,5,5,0.003299922,0.048991354,0.964285714,24243,13896,9,10,1
symantec,1,7,16,5,5,0.000751364,0.022675737,0.451612903,30611,17092,10,11,1
symantec,1,7,16,5,5,0.000896229,0.017513135,0.508474576,31242,17904,11,12,1
symantec,1,7,16,5,5,0.000305698,0.008241758,0.173913043,32712,20148,12,13,1
symantec,1,7,16,5,5,0.00017548,0.003671971,0.167938931,34192,20047,13,14,1
symantec,1,7,16,5,5,0.000141263,0.00248139,0.260869565,21237,7893,14,15,1
symantec,1,7,16,5,5,8.28E-05,0.002560819,0.282208589,24147,8059,15,16,1
ubisoft entertainment,1,6,11,5,5,5.97E-05,0.007092199,0.197718631,16749,3615,6,7,1
ubisoft entertainment,1,6,11,5,5,3.27E-05,0.002267574,0.114599686,30611,17092,10,11,1
